0,0x8536f57893332e710e54ff28936dad07bbbf4e4a
1,0x18513702ccd928f2a3eb63d900adf03c9cc81593
2,0x18513702ccd928f2a3eb63d900adf03c9cc81593
3,0x18513702ccd928f2a3eb63d900adf03c9cc81593
4,0x18513702ccd928f2a3eb63d900adf03c9cc81593
5,0xf03f299cf468ef5d378593b4fe4d62b2ca243970
6,0x18513702ccd928f2a3eb63d900adf03c9cc81593
7,0x18513702ccd928f2a3eb63d900adf03c9cc81593
8,0x18513702ccd928f2a3eb63d900adf03c9cc81593
9,0x18513702ccd928f2a3eb63d900adf03c9cc81593
10,0x18513702ccd928f2a3eb63d900adf03c9cc81593
11,0x18513702ccd928f2a3eb63d900adf03c9cc81593
12,0x18513702ccd928f2a3eb63d900adf03c9cc81593
13,0x18513702ccd928f2a3eb63d900adf03c9cc81593
14,0x18513702ccd928f2a3eb63d900adf03c9cc81593
15,0x18513702ccd928f2a3eb63d900adf03c9cc81593
16,0x5ce174e21ec9e29af1132c606f41305e2905f1db
17,0x18513702ccd928f2a3eb63d900adf03c9cc81593
18,0x5ce174e21ec9e29af1132c606f41305e2905f1db
19,0x18513702ccd928f2a3eb63d900adf03c9cc81593
20,0x5ce174e21ec9e29af1132c606f41305e2905f1db
21,0x18513702ccd928f2a3eb63d900adf03c9cc81593
22,0x5ce174e21ec9e29af1132c606f41305e2905f1db
23,0x18513702ccd928f2a3eb63d900adf03c9cc81593
24,0x5ce174e21ec9e29af1132c606f41305e2905f1db
25,0x18513702ccd928f2a3eb63d900adf03c9cc81593
26,0x5ce174e21ec9e29af1132c606f41305e2905f1db
27,0x18513702ccd928f2a3eb63d900adf03c9cc81593
28,0x5ce174e21ec9e29af1132c606f41305e2905f1db
29,0x18513702ccd928f2a3eb63d900adf03c9cc81593
30,0x5ce174e21ec9e29af1132c606f41305e2905f1db
31,0x18513702ccd928f2a3eb63d900adf03c9cc81593
32,0x5ce174e21ec9e29af1132c606f41305e2905f1db
33,0x18513702ccd928f2a3eb63d900adf03c9cc81593
34,0x5ce174e21ec9e29af1132c606f41305e2905f1db
35,0x18513702ccd928f2a3eb63d900adf03c9cc81593
36,0x5ce174e21ec9e29af1132c606f41305e2905f1db
37,0x18513702ccd928f2a3eb63d900adf03c9cc81593
38,0x5ce174e21ec9e29af1132c606f41305e2905f1db
39,0x18513702ccd928f2a3eb63d900adf03c9cc81593
40,0x5ce174e21ec9e29af1132c606f41305e2905f1db
41,0x18513702ccd928f2a3eb63d900adf03c9cc81593
42,0x5ce174e21ec9e29af1132c606f41305e2905f1db
43,0x18513702ccd928f2a3eb63d900adf03c9cc81593
44,0x5ce174e21ec9e29af1132c606f41305e2905f1db
45,0x18513702ccd928f2a3eb63d900adf03c9cc81593
46,0x5ce174e21ec9e29af1132c606f41305e2905f1db
47,0x18513702ccd928f2a3eb63d900adf03c9cc81593
48,0x5ce174e21ec9e29af1132c606f41305e2905f1db
49,0x18513702ccd928f2a3eb63d900adf03c9cc81593
50,0x5ce174e21ec9e29af1132c606f41305e2905f1db
51,0x18513702ccd928f2a3eb63d900adf03c9cc81593
52,0x5ce174e21ec9e29af1132c606f41305e2905f1db
53,0x18513702ccd928f2a3eb63d900adf03c9cc81593
54,0x5ce174e21ec9e29af1132c606f41305e2905f1db
55,0x18513702ccd928f2a3eb63d900adf03c9cc81593
56,0x5ce174e21ec9e29af1132c606f41305e2905f1db
57,0x18513702ccd928f2a3eb63d900adf03c9cc81593
58,0x5ce174e21ec9e29af1132c606f41305e2905f1db
59,0x18513702ccd928f2a3eb63d900adf03c9cc81593
60,0x5ce174e21ec9e29af1132c606f41305e2905f1db
61,0x18513702ccd928f2a3eb63d900adf03c9cc81593
62,0x5ce174e21ec9e29af1132c606f41305e2905f1db
63,0x18513702ccd928f2a3eb63d900adf03c9cc81593
64,0x5ce174e21ec9e29af1132c606f41305e2905f1db
65,0x18513702ccd928f2a3eb63d900adf03c9cc81593
66,0x5ce174e21ec9e29af1132c606f41305e2905f1db
67,0x18513702ccd928f2a3eb63d900adf03c9cc81593
68,0x5ce174e21ec9e29af1132c606f41305e2905f1db
69,0x18513702ccd928f2a3eb63d900adf03c9cc81593
70,0x5ce174e21ec9e29af1132c606f41305e2905f1db
71,0x18513702ccd928f2a3eb63d900adf03c9cc81593
72,0x5ce174e21ec9e29af1132c606f41305e2905f1db
73,0x18513702ccd928f2a3eb63d900adf03c9cc81593
74,0x5ce174e21ec9e29af1132c606f41305e2905f1db
75,0x18513702ccd928f2a3eb63d900adf03c9cc81593
76,0x5ce174e21ec9e29af1132c606f41305e2905f1db
77,0x18513702ccd928f2a3eb63d900adf03c9cc81593
78,0x5ce174e21ec9e29af1132c606f41305e2905f1db
79,0x18513702ccd928f2a3eb63d900adf03c9cc81593
80,0x5ce174e21ec9e29af1132c606f41305e2905f1db
81,0x18513702ccd928f2a3eb63d900adf03c9cc81593
82,0x5ce174e21ec9e29af1132c606f41305e2905f1db
83,0x18513702ccd928f2a3eb63d900adf03c9cc81593
84,0x5ce174e21ec9e29af1132c606f41305e2905f1db
85,0x18513702ccd928f2a3eb63d900adf03c9cc81593
86,0x5ce174e21ec9e29af1132c606f41305e2905f1db
87,0x18513702ccd928f2a3eb63d900adf03c9cc81593
88,0x5ce174e21ec9e29af1132c606f41305e2905f1db
89,0x18513702ccd928f2a3eb63d900adf03c9cc81593
90,0x5ce174e21ec9e29af1132c606f41305e2905f1db
91,0x18513702ccd928f2a3eb63d900adf03c9cc81593
92,0x5ce174e21ec9e29af1132c606f41305e2905f1db
93,0x18513702ccd928f2a3eb63d900adf03c9cc81593
94,0x5ce174e21ec9e29af1132c606f41305e2905f1db
95,0x18513702ccd928f2a3eb63d900adf03c9cc81593
96,0x5ce174e21ec9e29af1132c606f41305e2905f1db
97,0x18513702ccd928f2a3eb63d900adf03c9cc81593
98,0x5ce174e21ec9e29af1132c606f41305e2905f1db
99,0x18513702ccd928f2a3eb63d900adf03c9cc81593
100,0x5ce174e21ec9e29af1132c606f41305e2905f1db
101,0x18513702ccd928f2a3eb63d900adf03c9cc81593
102,0x5ce174e21ec9e29af1132c606f41305e2905f1db
103,0x18513702ccd928f2a3eb63d900adf03c9cc81593
104,0x5ce174e21ec9e29af1132c606f41305e2905f1db
105,0x18513702ccd928f2a3eb63d900adf03c9cc81593
106,0x5ce174e21ec9e29af1132c606f41305e2905f1db
107,0x18513702ccd928f2a3eb63d900adf03c9cc81593
108,0x5ce174e21ec9e29af1132c606f41305e2905f1db
109,0x18513702ccd928f2a3eb63d900adf03c9cc81593
110,0x5ce174e21ec9e29af1132c606f41305e2905f1db
111,0x18513702ccd928f2a3eb63d900adf03c9cc81593
112,0x5ce174e21ec9e29af1132c606f41305e2905f1db
113,0x18513702ccd928f2a3eb63d900adf03c9cc81593
114,0x5ce174e21ec9e29af1132c606f41305e2905f1db
115,0x18513702ccd928f2a3eb63d900adf03c9cc81593
116,0x5ce174e21ec9e29af1132c606f41305e2905f1db
117,0x18513702ccd928f2a3eb63d900adf03c9cc81593
118,0x5ce174e21ec9e29af1132c606f41305e2905f1db
119,0x18513702ccd928f2a3eb63d900adf03c9cc81593
120,0x5ce174e21ec9e29af1132c606f41305e2905f1db
121,0x18513702ccd928f2a3eb63d900adf03c9cc81593
122,0x5ce174e21ec9e29af1132c606f41305e2905f1db
123,0x18513702ccd928f2a3eb63d900adf03c9cc81593
124,0x5ce174e21ec9e29af1132c606f41305e2905f1db
125,0x18513702ccd928f2a3eb63d900adf03c9cc81593
126,0x5ce174e21ec9e29af1132c606f41305e2905f1db
127,0x18513702ccd928f2a3eb63d900adf03c9cc81593
128,0x5ce174e21ec9e29af1132c606f41305e2905f1db
129,0x18513702ccd928f2a3eb63d900adf03c9cc81593
130,0x5ce174e21ec9e29af1132c606f41305e2905f1db
131,0x18513702ccd928f2a3eb63d900adf03c9cc81593
132,0x5ce174e21ec9e29af1132c606f41305e2905f1db
133,0x18513702ccd928f2a3eb63d900adf03c9cc81593
134,0x5ce174e21ec9e29af1132c606f41305e2905f1db
135,0x18513702ccd928f2a3eb63d900adf03c9cc81593
136,0x5ce174e21ec9e29af1132c606f41305e2905f1db
137,0x18513702ccd928f2a3eb63d900adf03c9cc81593
138,0x5ce174e21ec9e29af1132c606f41305e2905f1db
139,0x18513702ccd928f2a3eb63d900adf03c9cc81593
140,0x5ce174e21ec9e29af1132c606f41305e2905f1db
141,0x18513702ccd928f2a3eb63d900adf03c9cc81593
142,0x5ce174e21ec9e29af1132c606f41305e2905f1db
143,0x18513702ccd928f2a3eb63d900adf03c9cc81593
144,0x5ce174e21ec9e29af1132c606f41305e2905f1db
145,0x18513702ccd928f2a3eb63d900adf03c9cc81593
146,0x5ce174e21ec9e29af1132c606f41305e2905f1db
147,0x18513702ccd928f2a3eb63d900adf03c9cc81593
148,0x5ce174e21ec9e29af1132c606f41305e2905f1db
149,0x18513702ccd928f2a3eb63d900adf03c9cc81593
150,0x5ce174e21ec9e29af1132c606f41305e2905f1db
151,0x18513702ccd928f2a3eb63d900adf03c9cc81593
152,0x5ce174e21ec9e29af1132c606f41305e2905f1db
153,0x5ce174e21ec9e29af1132c606f41305e2905f1db
154,0x5ce174e21ec9e29af1132c606f41305e2905f1db
155,0x5ce174e21ec9e29af1132c606f41305e2905f1db
156,0x5ce174e21ec9e29af1132c606f41305e2905f1db
157,0x5ce174e21ec9e29af1132c606f41305e2905f1db
158,0x5ce174e21ec9e29af1132c606f41305e2905f1db
159,0x5ce174e21ec9e29af1132c606f41305e2905f1db
160,0x5ce174e21ec9e29af1132c606f41305e2905f1db
161,0x18513702ccd928f2a3eb63d900adf03c9cc81593
162,0x18513702ccd928f2a3eb63d900adf03c9cc81593
163,0x18513702ccd928f2a3eb63d900adf03c9cc81593
164,0x18513702ccd928f2a3eb63d900adf03c9cc81593
165,0x18513702ccd928f2a3eb63d900adf03c9cc81593
166,0x18513702ccd928f2a3eb63d900adf03c9cc81593
167,0x18513702ccd928f2a3eb63d900adf03c9cc81593
168,0x5ce174e21ec9e29af1132c606f41305e2905f1db
169,0x18513702ccd928f2a3eb63d900adf03c9cc81593
170,0x5ce174e21ec9e29af1132c606f41305e2905f1db
171,0x18513702ccd928f2a3eb63d900adf03c9cc81593
172,0x5ce174e21ec9e29af1132c606f41305e2905f1db
173,0x18513702ccd928f2a3eb63d900adf03c9cc81593
174,0x5ce174e21ec9e29af1132c606f41305e2905f1db
175,0x18513702ccd928f2a3eb63d900adf03c9cc81593
176,0x5ce174e21ec9e29af1132c606f41305e2905f1db
177,0x18513702ccd928f2a3eb63d900adf03c9cc81593
178,0x5ce174e21ec9e29af1132c606f41305e2905f1db
179,0x18513702ccd928f2a3eb63d900adf03c9cc81593
180,0x5ce174e21ec9e29af1132c606f41305e2905f1db
181,0x18513702ccd928f2a3eb63d900adf03c9cc81593
182,0x5ce174e21ec9e29af1132c606f41305e2905f1db
183,0x18513702ccd928f2a3eb63d900adf03c9cc81593
184,0x5ce174e21ec9e29af1132c606f41305e2905f1db
185,0x18513702ccd928f2a3eb63d900adf03c9cc81593
186,0x5ce174e21ec9e29af1132c606f41305e2905f1db
187,0x18513702ccd928f2a3eb63d900adf03c9cc81593
188,0x5ce174e21ec9e29af1132c606f41305e2905f1db
189,0x18513702ccd928f2a3eb63d900adf03c9cc81593
190,0x5ce174e21ec9e29af1132c606f41305e2905f1db
191,0x18513702ccd928f2a3eb63d900adf03c9cc81593
192,0x5ce174e21ec9e29af1132c606f41305e2905f1db
193,0x18513702ccd928f2a3eb63d900adf03c9cc81593
194,0x5ce174e21ec9e29af1132c606f41305e2905f1db
195,0x18513702ccd928f2a3eb63d900adf03c9cc81593
196,0x5ce174e21ec9e29af1132c606f41305e2905f1db
197,0x18513702ccd928f2a3eb63d900adf03c9cc81593
198,0x5ce174e21ec9e29af1132c606f41305e2905f1db
199,0x18513702ccd928f2a3eb63d900adf03c9cc81593
200,0x5ce174e21ec9e29af1132c606f41305e2905f1db
201,0x18513702ccd928f2a3eb63d900adf03c9cc81593
202,0x5ce174e21ec9e29af1132c606f41305e2905f1db
203,0x9b3d535e601afa88d8c47ef86f63d02cb767efbf
204,0x9b3d535e601afa88d8c47ef86f63d02cb767efbf
205,0x9b3d535e601afa88d8c47ef86f63d02cb767efbf
206,0x18513702ccd928f2a3eb63d900adf03c9cc81593
207,0x18513702ccd928f2a3eb63d900adf03c9cc81593
208,0x18513702ccd928f2a3eb63d900adf03c9cc81593
209,0x9b3d535e601afa88d8c47ef86f63d02cb767efbf
210,0x18513702ccd928f2a3eb63d900adf03c9cc81593
211,0x9b3d535e601afa88d8c47ef86f63d02cb767efbf
212,0x18513702ccd928f2a3eb63d900adf03c9cc81593
213,0x9b3d535e601afa88d8c47ef86f63d02cb767efbf
214,0x18513702ccd928f2a3eb63d900adf03c9cc81593
215,0x9b3d535e601afa88d8c47ef86f63d02cb767efbf
216,0x18513702ccd928f2a3eb63d900adf03c9cc81593
217,0x9b3d535e601afa88d8c47ef86f63d02cb767efbf
218,0x18513702ccd928f2a3eb63d900adf03c9cc81593
219,0x9b3d535e601afa88d8c47ef86f63d02cb767efbf
220,0x18513702ccd928f2a3eb63d900adf03c9cc81593
221,0x9b3d535e601afa88d8c47ef86f63d02cb767efbf
222,0x18513702ccd928f2a3eb63d900adf03c9cc81593
223,0x9b3d535e601afa88d8c47ef86f63d02cb767efbf
224,0x18513702ccd928f2a3eb63d900adf03c9cc81593
225,0x9b3d535e601afa88d8c47ef86f63d02cb767efbf
226,0x18513702ccd928f2a3eb63d900adf03c9cc81593
227,0x9b3d535e601afa88d8c47ef86f63d02cb767efbf
228,0x18513702ccd928f2a3eb63d900adf03c9cc81593
229,0x9b3d535e601afa88d8c47ef86f63d02cb767efbf
230,0x18513702ccd928f2a3eb63d900adf03c9cc81593
231,0x9b3d535e601afa88d8c47ef86f63d02cb767efbf
232,0x9b3d535e601afa88d8c47ef86f63d02cb767efbf
233,0x18513702ccd928f2a3eb63d900adf03c9cc81593
234,0x18513702ccd928f2a3eb63d900adf03c9cc81593
235,0x9b3d535e601afa88d8c47ef86f63d02cb767efbf
236,0x18513702ccd928f2a3eb63d900adf03c9cc81593
237,0x9b3d535e601afa88d8c47ef86f63d02cb767efbf
238,0x18513702ccd928f2a3eb63d900adf03c9cc81593
239,0x9b3d535e601afa88d8c47ef86f63d02cb767efbf
240,0x18513702ccd928f2a3eb63d900adf03c9cc81593
241,0x9b3d535e601afa88d8c47ef86f63d02cb767efbf
242,0x18513702ccd928f2a3eb63d900adf03c9cc81593
243,0x9b3d535e601afa88d8c47ef86f63d02cb767efbf
244,0x18513702ccd928f2a3eb63d900adf03c9cc81593
245,0x9b3d535e601afa88d8c47ef86f63d02cb767efbf
246,0x18513702ccd928f2a3eb63d900adf03c9cc81593
247,0x9b3d535e601afa88d8c47ef86f63d02cb767efbf
248,0x18513702ccd928f2a3eb63d900adf03c9cc81593
249,0x9b3d535e601afa88d8c47ef86f63d02cb767efbf
250,0x18513702ccd928f2a3eb63d900adf03c9cc81593
251,0x9b3d535e601afa88d8c47ef86f63d02cb767efbf
252,0x18513702ccd928f2a3eb63d900adf03c9cc81593
253,0x9b3d535e601afa88d8c47ef86f63d02cb767efbf
254,0x18513702ccd928f2a3eb63d900adf03c9cc81593
255,0x9b3d535e601afa88d8c47ef86f63d02cb767efbf
256,0x18513702ccd928f2a3eb63d900adf03c9cc81593
257,0x9b3d535e601afa88d8c47ef86f63d02cb767efbf
258,0x18513702ccd928f2a3eb63d900adf03c9cc81593
259,0x9b3d535e601afa88d8c47ef86f63d02cb767efbf
260,0x18513702ccd928f2a3eb63d900adf03c9cc81593
261,0x9b3d535e601afa88d8c47ef86f63d02cb767efbf
262,0x18513702ccd928f2a3eb63d900adf03c9cc81593
263,0x9b3d535e601afa88d8c47ef86f63d02cb767efbf
264,0x18513702ccd928f2a3eb63d900adf03c9cc81593
265,0x9b3d535e601afa88d8c47ef86f63d02cb767efbf
266,0x18513702ccd928f2a3eb63d900adf03c9cc81593
267,0x9b3d535e601afa88d8c47ef86f63d02cb767efbf
268,0x18513702ccd928f2a3eb63d900adf03c9cc81593
