0,0xa8319e76baa55c37f21a1a096fda459cc84acfbc
1,0xa8319e76baa55c37f21a1a096fda459cc84acfbc
2,0xa8319e76baa55c37f21a1a096fda459cc84acfbc
3,0x3487cf393412e91ae488c77030644af0790e44ed
4,0xa8319e76baa55c37f21a1a096fda459cc84acfbc
5,0xa8319e76baa55c37f21a1a096fda459cc84acfbc
6,0xa8319e76baa55c37f21a1a096fda459cc84acfbc
7,0x3487cf393412e91ae488c77030644af0790e44ed
8,0x3487cf393412e91ae488c77030644af0790e44ed
9,0xa8319e76baa55c37f21a1a096fda459cc84acfbc
10,0x3487cf393412e91ae488c77030644af0790e44ed
11,0xa8319e76baa55c37f21a1a096fda459cc84acfbc
12,0x3487cf393412e91ae488c77030644af0790e44ed
13,0xa8319e76baa55c37f21a1a096fda459cc84acfbc
14,0xa8319e76baa55c37f21a1a096fda459cc84acfbc
15,0x3487cf393412e91ae488c77030644af0790e44ed
16,0xa8319e76baa55c37f21a1a096fda459cc84acfbc
17,0xa8319e76baa55c37f21a1a096fda459cc84acfbc
18,0xa8319e76baa55c37f21a1a096fda459cc84acfbc
19,0x3487cf393412e91ae488c77030644af0790e44ed
20,0xa8319e76baa55c37f21a1a096fda459cc84acfbc
21,0xa8319e76baa55c37f21a1a096fda459cc84acfbc
22,0xa8319e76baa55c37f21a1a096fda459cc84acfbc
23,0xa8319e76baa55c37f21a1a096fda459cc84acfbc
24,0xa8319e76baa55c37f21a1a096fda459cc84acfbc
25,0xa8319e76baa55c37f21a1a096fda459cc84acfbc
26,0x3487cf393412e91ae488c77030644af0790e44ed
27,0x3487cf393412e91ae488c77030644af0790e44ed
28,0x3487cf393412e91ae488c77030644af0790e44ed
29,0xa8319e76baa55c37f21a1a096fda459cc84acfbc
30,0x3487cf393412e91ae488c77030644af0790e44ed
31,0xa8319e76baa55c37f21a1a096fda459cc84acfbc
32,0x3487cf393412e91ae488c77030644af0790e44ed
33,0xa8319e76baa55c37f21a1a096fda459cc84acfbc
34,0x3487cf393412e91ae488c77030644af0790e44ed
35,0xa8319e76baa55c37f21a1a096fda459cc84acfbc
36,0xa8319e76baa55c37f21a1a096fda459cc84acfbc
37,0xa8319e76baa55c37f21a1a096fda459cc84acfbc
38,0x3487cf393412e91ae488c77030644af0790e44ed
