0,0x5eefc4f295045ea11827f515c10d50829580cd31
1,0xabedb3d632fddccd4e95957be4ee0daffbe6acdd
2,0xd0d0f88765b368509bfa42ff3ce658b9a2ad731c
3,0xb2edf87618e16e24657253de70b5e896dc2a723b
4,0xf636e2f514e54b67af9d82b038443e43255543ac
5,0x1ebf9e3470f303f6a6ac43347e41877b0a5aaa39
6,0x501cc97448a40be23df2bbd212f6a125f0cbd62f
7,0x743315df1a8982de8e0d0c25f725d9d96deed712
8,0xd3c0ebb99a5616f3647f16c2efb40b133b5b1e1c
9,0xdbda5deda828ffa3c15dc99cad296c5671181fd3
10,0x00eccd1f8c3dcb815ac4c03122f20bd5b8d41796
11,0x9f658a6628864e94f9a1c53ba519f0ae37a8b4a5
12,0x089c7cd1afd3d7fe94dd1524e08f87b0626cc90c
13,0x20abf65634219512c6c98a64614c43220ca2085b
14,0x36cfb5a6be6b130cfceb934d3ca72c1d72c3a7d8
15,0xc233df4078bf948e86dda465d1c196bd251ae1a7
16,0x3c6e761fbbcdb9fa09179fe9eb07fc42138917b0
17,0x4986ac8522e8831e71439c529e514022596c301b
18,0x106b4c29bcd612e78e2cc51f226a45500c4f7160
19,0x8893189c108c534d4b5ae7b08b6a0bf66a88e1d9
20,0x4d620537484ecabc0181aedfa0b70bab1f610aac
21,0x5d7692dfff56f831e0b45199e375f490cc8a1f4d
22,0x7c367c14a322404f9e332b68d7d661b46a5c93ea
23,0x36cfb5a6be6b130cfceb934d3ca72c1d72c3a7d8
24,0xda2dd46c3c94d09c2110d1fd535fab78a89e18ef
25,0x3a62ac9221b0ef98b666fe10163ef1bd55047dc4
26,0xda2dd46c3c94d09c2110d1fd535fab78a89e18ef
27,0x296fe436ecc0ea6b7a195ded26451e77e1335108
28,0xb09d4bb69658dbc7e20f6ad490a3e51450e9ae66
29,0x968c7ebe1d9c858ca37dc39584af8c0312ddc114
30,0x06362d7c0e07502179529950ba9a561ec6795cf7
31,0xa1beac79dda14bce1ee698fdee47e2f7f2fd1f0d
32,0x56283f0cf361e8eb712dcc48b2bf374300a3e728
33,0x348cd246323e88c3556dfa7d6f9af3953272c37d
34,0x501cc97448a40be23df2bbd212f6a125f0cbd62f
35,0xe2517ba3fbe6dcd18ea822aa27eacef59aaf8d22
36,0x2ce4879fcca7a72a58e7ce7cd83453b962f3a9d1
37,0x62fd5a7d1f4623785a9d550242eb2af31d52a667
38,0x3b5d57224efaf19440ca48b252761e8d0ff4bb3c
39,0xd6061756572dd3fd939c724fb7fb14829807a2c6
40,0x0640a50bbc35797fd090b3d36dfc874c529016ff
41,0xdd8d5450bac0c3f2275621bb7c647150714b548f
42,0xcd371e6ee9dbc386f85b8eab0c9711368d404618
43,0xe772821f3414d5f8c8904e871b1d760fd7a54635
44,0x9a5fa96581d98e549361c459646a4e5a011d96f3
45,0x9c042562f090f74355249f957bc8b737e3b7b278
46,0xd85faf59e73225ef386b46a1b17c493019b23e1e
47,0xe772821f3414d5f8c8904e871b1d760fd7a54635
48,0x481525718f1536ca2d739aa7e68b94b5e1d5d2c2
49,0x50b3e0581010450815bd371eaf81053276adde13
50,0xf4280bf77a043568e40da2b8068b11243082c944
51,0x36001ad6a4955bc1d76ca2efc76ea99aa2076e93
52,0xe772821f3414d5f8c8904e871b1d760fd7a54635
53,0x27368857ec212d5b05b7920b3b8458356dcb8597
54,0x89be0bd8b6007101c7da7170a6461580994221d0
55,0xdd833984b836db931277e3547e4195e7f46b946c
56,0x8fdf0133e7e31c96c79c114a7600722c113bd86b
57,0xda39b2f315cb0b4b4567cd811de5244bc766cefc
58,0x2c666e0f0171b06189370bac411a53e474a9f47d
59,0x5d7692dfff56f831e0b45199e375f490cc8a1f4d
60,0xe2517ba3fbe6dcd18ea822aa27eacef59aaf8d22
61,0x255e5378a1b3be5eb8c8635f33069ce4297302e3
62,0x9fd3318ba3ba77f793950317dc2c9b38a6c3062f
63,0xe772821f3414d5f8c8904e871b1d760fd7a54635
64,0x86957ac9a15f114c08296523569511c22e471266
65,0x4fef95c773da7c984a0b8b752930d49d0403d3a6
66,0xf64fceae64408b1a00fd5fe1447deb622b365ace
67,0x596a11f40692303dd128a3d1ca3a2983ccf329c4
68,0x971131ec8ded3f7aabc27e3e1e8ae622d0b42a7a
69,0x3cb7ec57611372e64838fd5e99f763f5e179f693
70,0x56307b37377f75f397d4936cf507baf0f4943ea5
71,0x4c728ecb54b75bdf3683e8e57db4c5692a12ba6e
72,0x9be9ef5fae4574039c68aab01202031fcd07547a
73,0xa521d9289103812bb614a2cd40d9e06dfd2ad541
74,0x2195fe76d358acd2dc7e804f60bb5f4d53d9f907
75,0xf0b62c2987a5abe5b122d5c1cbe8cc4db3e75fce
76,0x034577fda040b46beb02915b9bac5f451f12341e
77,0xe69e9f62d45df64808e54ef15524ecc80a1140d3
78,0xb22f376f70f34c906a88a91f6999a0bd1a0f3c3d
79,0xecf99ada4feee6fd9d67fd02879aca5042b52484
80,0x540afa4cebdcf6047238fff1d616d296952c98fb
81,0x621663b4b6580b70b74afaf989c707d533bbec91
82,0x50b3e0581010450815bd371eaf81053276adde13
83,0xc88eea647a570738e69ad3dd8975577df720318d
84,0x47e1c92faea565e6fd0b42eb1d35503f14bacd50
85,0x62fd5a7d1f4623785a9d550242eb2af31d52a667
86,0x1eb7f9a19dc084f90dbca65b23c351c62c6552f4
87,0x50b3e0581010450815bd371eaf81053276adde13
88,0x501cc97448a40be23df2bbd212f6a125f0cbd62f
89,0x450d22b92af09c1fdcc744c2f6d079f24ea950ba
90,0x62fd5a7d1f4623785a9d550242eb2af31d52a667
91,0x32ef377a105fd6ca9c1e3985c8e4aab25335adc1
92,0xdd89d22d6121bae02d2880ae2cc90186bf94b1ee
93,0x124cdbca509ae5d492dbbd1b2e8b124ef59b7ce2
94,0x646affa88fa59c5c5a07e94b4e62352f20dde2bc
95,0x788323035874a0ebd306e40a865a70a012766c7b
96,0x33eb97bb7c2fd233a25b4bae22f7136be3c9dd18
97,0x9e607679186c107968fdf939faa25bc457cf2c06
98,0x3c35b66dbaf1bc716f41759c7513a7af2f727ce0
99,0x9be9ef5fae4574039c68aab01202031fcd07547a
100,0xdfd14e654770d68cc505dbcf76791b79209f8a84
101,0x531a74130ebc9e2f33e25928998a183a5e46c495
102,0x644968f0f5aa20d17c91b6a22384120026626057
103,0x59e5fe8a9637702c6d597c5f1c4ebe3fba747371
104,0x48058b14b0b83e8839c6158efbbfabe75d5d40ac
105,0x936db9f63681e1eb537cee63683fcc05173a783f
106,0x72ef20a143208865380cd5491001a1ea2b74c63e
107,0x875b93eabdde5b177c7277da54f9e794cb274e30
108,0x5f6c7797195ac7762649505abd9307af9fc34442
109,0x25da8167b99b0892323ecb87f49b43d911e01f3f
110,0x162e6e1032a51f4a25e3602fcb74e082cd46b5bd
111,0x76672329ec8a481565e1a9829c94bacad9252e65
112,0x5c20ebba6e8b1673c61d911bc892033a6232bfb5
113,0x00b279438dff4bb6f37038b12704e31967955cb0
114,0xbdf2a76ad0b85a532db69809a2c124ffc64e5171
115,0x2a5da89176d5316782d7f1c9db74d209679ad9ce
116,0x013bcde9757653ec5752558f4be65f4318a85c2c
117,0xbb96579b6a4e8b040e40ade57027c511744cd354
118,0xf78a06a6a1dfe75c6ceb5a931edc5509d1ba5d0d
119,0xe7cfa8ec698e07d1ac5bf5f97b24b90b1cc514c8
120,0xf6943c7f77b5bc86285f212fd765f6771707478d
121,0x7da3ff5dc152352dcffaf08d528e78f1efd4e9d1
122,0x1e755e5b28c5addefd028323e839ae4eaaba0f3a
123,0x2c99db3838d6af157c8d671291d560a013c6c01e
124,0x1e755e5b28c5addefd028323e839ae4eaaba0f3a
125,0x17343afb95ac945e9086b0a88e05d41dd0dfd1fc
126,0xf7cc5cccbd9eef2f4b2880547481f1618e6e019f
127,0x485495c0107f26a48802a84640f2ab1802a79f83
128,0x485495c0107f26a48802a84640f2ab1802a79f83
129,0x68d7ff3030a0462b1c2857c08f952e3d32a829df
130,0x6d0f401af1df5510b423267df47c0fe13ad3b58d
131,0x877341abeac8f44ac69ba7c99b1d5d31ce7a11d7
132,0xabb0bd1360234c633d2589df384e4cab0272ba17
133,0x485495c0107f26a48802a84640f2ab1802a79f83
134,0x485495c0107f26a48802a84640f2ab1802a79f83
135,0x6f234c04565a45688d5da3c46096b995ca708f5f
136,0x07004b458b56fb152c06ad81fe1be30c8a8b2ea1
137,"Bittrex
(0xfbb1b73c4f0bda4f67dca266ce6ef42f520fbb98)"
138,0x3a1539b0d2568b0fcaa0ac861f8a13cbec5a3a75
139,0x061b5795997a08889cebe83044869d0f15b437ce
140,0x78cfab22455446e51a26353ad1cb7bbc963d9b43
141,0x532cbc68f66bb7482086a15972fa20ee3aca21c4
142,0x41ab2e9fea18d8bb891816c57cf9f11e32e71951
143,0x47260348ba90c56c9c058d3c42db471cd585ca7b
144,0xec4f4e26416b3f4b10aabcfd1b655b103b0b28b1
145,0x0f4357152befc88155adfd189d15e68066dd1015
146,0x0f4357152befc88155adfd189d15e68066dd1015
147,0x73d02deb1854e621fae647108353adb8ea4e829b
148,0x20abf65634219512c6c98a64614c43220ca2085b
149,0x3cc0309b0f9798b8edd1bf47a538d46fa92d52e3
150,0x68d7ff3030a0462b1c2857c08f952e3d32a829df
151,0x77529c0ea5381262db964da3d5f6e2cc92e9b48b
152,0x7398a2edb928a2e179f62bfb795f292254f6850e
153,0xc3dbd7e0f727aebd73a9a3c53a43065472fde0e2
154,0x1294c3c2dbe51fdc96d2babd8622f3ac61e87540
155,0x9e75f8a3698ba5f924aad561488e052078b23eda
156,0x9e75f8a3698ba5f924aad561488e052078b23eda
157,0x9d4096117d7ffcad8311a1522029581d7bf6f008
158,0xe371b5b5cbbe30fd50a57a0c4583e1efd4676fc5
159,0x9d4096117d7ffcad8311a1522029581d7bf6f008
160,0x79a6ab6e53be35b8d6bba238a468b7b0720e4f87
161,0xd2e3c4856d25a71fa777769b5dc9596890568026
162,0xb0b4dc243d95b9aa6e279049eeae83807919ea1c
163,0x531a74130ebc9e2f33e25928998a183a5e46c495
164,0x3209ff2585be020359b98085088feedbab28da94
165,0x335834ad9d8702617a388b7072f5a70553e4c99f
166,0x2b74be5ea5026333f11fe80436222bc8a16a3e67
167,0x1c651685b4c32c18b3ded679fb0031ae32f4a3e8
168,0x15d9250358489ceb509121963ff80e747c7f981f
169,0xcf508cfaa2986f230a515d71c3b2430791a74ee2
170,0xd0071786db1fe85ac8e003475f12e52e4dcc1980
171,0xcf508cfaa2986f230a515d71c3b2430791a74ee2
172,0xcf508cfaa2986f230a515d71c3b2430791a74ee2
173,0xde6f2f9aee28e9aff195b2890ba2e4525b317a3f
174,0x03c6c82a1d6d13b2f92ed63a10b1b791ffaa1e02
175,0x69860e4d00563e104edbfbb1e43301a7d4fde122
176,0x8e27a71abcdad51cbf52dd0c6cb8c823a0c7e412
177,0x3f237b9183a7b88dc01cdbe0f8b62892a453caae
178,0x4f9e188d7448d721976c2a4ca04b527da3aae7b1
179,0x1fa4f82cbdb5a71d0870830d0cdd4323102133aa
180,0x1e755e5b28c5addefd028323e839ae4eaaba0f3a
181,0x282d7d8a89ad40c821bbba676735b68fbc3a394d
182,0x2ec39a0a1258d06480b95e83f9857231f682b8bd
183,0x7cc269f703b9dcd1716e45803f3ed740b3bdddd9
184,0x69c2748a04d34b508c800f0faf58351995f88c9b
185,0xb12d87f71fc62f5f235b7e4a8ec818c1d0259874
186,0xb12d87f71fc62f5f235b7e4a8ec818c1d0259874
187,0x333c6138925e16c44db2c6106029b1a4a1ff6653
188,0x121810db2caf2c498fb338e027f8f54734a2599d
189,0x642df43df7c169e0bb3f91219c177b8a80bd7784
190,0x5dd5b6a3139e8e69677d6b678f6a48987c25c890
191,0x5eefc4f295045ea11827f515c10d50829580cd31
192,0xf16f6fe5b24ce4cdbf2b5658c72d070bdb7efa19
193,0x3bd6cf0f29d8bab20018cc6e204715029c3ac454
194,0xc4ba3917935d555a1552264ed048beace452d78f
195,0x487055ab7c44cc5425ec3abeb8217e593eb6609c
196,0x6d60cdb106535e35ab33f9c662b5a036ec2dacdf
197,0x6d60cdb106535e35ab33f9c662b5a036ec2dacdf
198,0x1d43e9c31a29cea93dff788da5f8ded8bdc16714
199,0x1d43e9c31a29cea93dff788da5f8ded8bdc16714
200,0x487055ab7c44cc5425ec3abeb8217e593eb6609c
201,0xaea518821216829b13c042d81c05470b8314e533
202,0xb56555713cea5817b3315e6c269c6828391a4f8b
203,0x62fd5a7d1f4623785a9d550242eb2af31d52a667
204,0x4ced2b7d27ac74b0ecb2440d9857ba6c6407149f
205,0x62fd5a7d1f4623785a9d550242eb2af31d52a667
206,0x62fd5a7d1f4623785a9d550242eb2af31d52a667
207,0x6d60cdb106535e35ab33f9c662b5a036ec2dacdf
208,0x62fd5a7d1f4623785a9d550242eb2af31d52a667
209,0x71057f2e9f4746f6af95062fe94154bf1f621abb
210,0x106b4c29bcd612e78e2cc51f226a45500c4f7160
211,0xb31a96cb42a8dab272126cd08ba97f3e7e77f3e6
212,0x6ed0bf67ab31461f6172d130f55becb43623993a
213,0x6769098dadc7245498b58601ff36f10688f46f69
214,0xb73340b20d323a6e784cf2745a1e1a0b402aee84
215,0x447677910d452f394bc3248fa0433db182365e98
216,0x097fe4f7a9c499fb73b7db0d5cbe37c42d9bce14
217,0xb32b18dfea9072047a368ec056a464b73618345a
218,0x01a3e509b3543ba29a8d6eef9583399911f303d2
219,0xfb2992e6a1e1bc59669c5211d265ddac1b8bd0e7
220,0xc77c94d30681160159e584055c783c4d3ad48c12
221,0x22b0c1432e4361ef4ab450913f6b47384efb84fe
222,0xa47df3dc78acaf95bcf1117e990abc111becae6b
223,0x921a02a2f6d16754f055d78fa16e533a8a625b30
224,0x3dbe0a3e0fa494c5c012cf5b6b2caa5ed5312376
225,0x9c2d1627e275011cb0d7dc712097ceff5ff74ea9
226,0xaa8c03e04b121511858d88be7a1b2f5a2d70f6ac
227,0x744280bd523229b7bb0d4af66749e74eae300934
228,0x985d554590f3f73b707259b58ceb5177de89d1e0
229,0x13b34604ccc38b5d4b058dd6661c5ec3b13ef045
230,0xead71beb50e36e45547b248246365917cf91fc6a
231,"Poloniex
(0x32be343b94f860124dc4fee278fdcbd38c102d88)"
232,0x234405a67d6aab71d06b9683abc6ee307b5cb45f
233,0x5eefc4f295045ea11827f515c10d50829580cd31
234,0x62fd5a7d1f4623785a9d550242eb2af31d52a667
235,0x62fd5a7d1f4623785a9d550242eb2af31d52a667
236,0x5eefc4f295045ea11827f515c10d50829580cd31
237,0x5eefc4f295045ea11827f515c10d50829580cd31
238,0x5eefc4f295045ea11827f515c10d50829580cd31
239,0x5eefc4f295045ea11827f515c10d50829580cd31
240,0x5eefc4f295045ea11827f515c10d50829580cd31
241,0x5eefc4f295045ea11827f515c10d50829580cd31
242,0x5eefc4f295045ea11827f515c10d50829580cd31
243,0x5eefc4f295045ea11827f515c10d50829580cd31
244,0x5eefc4f295045ea11827f515c10d50829580cd31
245,0x5eefc4f295045ea11827f515c10d50829580cd31
246,0x5eefc4f295045ea11827f515c10d50829580cd31
247,0x5eefc4f295045ea11827f515c10d50829580cd31
248,0x69c2748a04d34b508c800f0faf58351995f88c9b
249,0xbb96579b6a4e8b040e40ade57027c511744cd354
250,0xbb96579b6a4e8b040e40ade57027c511744cd354
251,0xbb96579b6a4e8b040e40ade57027c511744cd354
252,0xbb96579b6a4e8b040e40ade57027c511744cd354
253,0xbb96579b6a4e8b040e40ade57027c511744cd354
254,0x089c7cd1afd3d7fe94dd1524e08f87b0626cc90c
255,0x089c7cd1afd3d7fe94dd1524e08f87b0626cc90c
256,0x3cb7ec57611372e64838fd5e99f763f5e179f693
257,0x8fdf0133e7e31c96c79c114a7600722c113bd86b
258,0x8fdf0133e7e31c96c79c114a7600722c113bd86b
259,0x8fdf0133e7e31c96c79c114a7600722c113bd86b
260,0x36cfb5a6be6b130cfceb934d3ca72c1d72c3a7d8
261,0x36cfb5a6be6b130cfceb934d3ca72c1d72c3a7d8
262,0x089c7cd1afd3d7fe94dd1524e08f87b0626cc90c
263,0xc88eea647a570738e69ad3dd8975577df720318d
264,0x097fe4f7a9c499fb73b7db0d5cbe37c42d9bce14
265,0x5eefc4f295045ea11827f515c10d50829580cd31
266,0x5eefc4f295045ea11827f515c10d50829580cd31
267,0x5eefc4f295045ea11827f515c10d50829580cd31
268,0x5eefc4f295045ea11827f515c10d50829580cd31
269,0x5eefc4f295045ea11827f515c10d50829580cd31
270,0x5eefc4f295045ea11827f515c10d50829580cd31
271,0x5eefc4f295045ea11827f515c10d50829580cd31
272,0x5eefc4f295045ea11827f515c10d50829580cd31
273,0x5eefc4f295045ea11827f515c10d50829580cd31
274,0x5eefc4f295045ea11827f515c10d50829580cd31
275,0x2b74be5ea5026333f11fe80436222bc8a16a3e67
276,0x013bcde9757653ec5752558f4be65f4318a85c2c
277,0x8893189c108c534d4b5ae7b08b6a0bf66a88e1d9
278,0x8893189c108c534d4b5ae7b08b6a0bf66a88e1d9
279,0x3c6e761fbbcdb9fa09179fe9eb07fc42138917b0
280,0xc233df4078bf948e86dda465d1c196bd251ae1a7
281,0xc233df4078bf948e86dda465d1c196bd251ae1a7
282,0xb31a96cb42a8dab272126cd08ba97f3e7e77f3e6
283,0xb31a96cb42a8dab272126cd08ba97f3e7e77f3e6
284,0xb31a96cb42a8dab272126cd08ba97f3e7e77f3e6
285,0xb31a96cb42a8dab272126cd08ba97f3e7e77f3e6
286,0xb31a96cb42a8dab272126cd08ba97f3e7e77f3e6
287,0xb31a96cb42a8dab272126cd08ba97f3e7e77f3e6
288,0x4986ac8522e8831e71439c529e514022596c301b
289,0x4986ac8522e8831e71439c529e514022596c301b
290,0xb12d87f71fc62f5f235b7e4a8ec818c1d0259874
291,0x8893189c108c534d4b5ae7b08b6a0bf66a88e1d9
292,0x8893189c108c534d4b5ae7b08b6a0bf66a88e1d9
293,0x8893189c108c534d4b5ae7b08b6a0bf66a88e1d9
294,0x8893189c108c534d4b5ae7b08b6a0bf66a88e1d9
295,0x4986ac8522e8831e71439c529e514022596c301b
296,0x8893189c108c534d4b5ae7b08b6a0bf66a88e1d9
297,0x8893189c108c534d4b5ae7b08b6a0bf66a88e1d9
298,0x8893189c108c534d4b5ae7b08b6a0bf66a88e1d9
299,0x22b0c1432e4361ef4ab450913f6b47384efb84fe
300,0x22b0c1432e4361ef4ab450913f6b47384efb84fe
301,0x22b0c1432e4361ef4ab450913f6b47384efb84fe
302,0xc233df4078bf948e86dda465d1c196bd251ae1a7
303,0xc233df4078bf948e86dda465d1c196bd251ae1a7
304,0xd0d0f88765b368509bfa42ff3ce658b9a2ad731c
305,0x501cc97448a40be23df2bbd212f6a125f0cbd62f
306,0x3cb7ec57611372e64838fd5e99f763f5e179f693
307,0xbb96579b6a4e8b040e40ade57027c511744cd354
308,0x9be9ef5fae4574039c68aab01202031fcd07547a
309,0x3cb7ec57611372e64838fd5e99f763f5e179f693
310,0x3cb7ec57611372e64838fd5e99f763f5e179f693
311,0x3cb7ec57611372e64838fd5e99f763f5e179f693
312,0x3cb7ec57611372e64838fd5e99f763f5e179f693
313,0x6d60cdb106535e35ab33f9c662b5a036ec2dacdf
314,0x36cfb5a6be6b130cfceb934d3ca72c1d72c3a7d8
315,0x59e5fe8a9637702c6d597c5f1c4ebe3fba747371
316,0x59e5fe8a9637702c6d597c5f1c4ebe3fba747371
317,0x531a74130ebc9e2f33e25928998a183a5e46c495
318,0x531a74130ebc9e2f33e25928998a183a5e46c495
319,0x3cb7ec57611372e64838fd5e99f763f5e179f693
320,0x3cb7ec57611372e64838fd5e99f763f5e179f693
321,0x3cb7ec57611372e64838fd5e99f763f5e179f693
322,0x3cb7ec57611372e64838fd5e99f763f5e179f693
323,0x3cb7ec57611372e64838fd5e99f763f5e179f693
324,0x3cb7ec57611372e64838fd5e99f763f5e179f693
325,0x487055ab7c44cc5425ec3abeb8217e593eb6609c
326,0x487055ab7c44cc5425ec3abeb8217e593eb6609c
327,0x8417a7d2f65f28f17dd627d89c612eec34d9eb76
328,0x531a74130ebc9e2f33e25928998a183a5e46c495
329,0x5eefc4f295045ea11827f515c10d50829580cd31
330,0x5eefc4f295045ea11827f515c10d50829580cd31
331,0x5eefc4f295045ea11827f515c10d50829580cd31
332,0x7df2c36a0c390fdda40ad0183e55b40b4cc45f37
333,0xabedb3d632fddccd4e95957be4ee0daffbe6acdd
