0,0x7e474fe5cfb720804860215f407111183cbc2f85
1,0x7e474fe5cfb720804860215f407111183cbc2f85
2,0x7e474fe5cfb720804860215f407111183cbc2f85
3,0x7e474fe5cfb720804860215f407111183cbc2f85
4,0x906da89d06c658d72bdcd20724198b70242807c4
5,0x906da89d06c658d72bdcd20724198b70242807c4
6,0xba21d01125d6932ce8abf3625977899fd2c7fa30
7,0xba21d01125d6932ce8abf3625977899fd2c7fa30
8,0xba21d01125d6932ce8abf3625977899fd2c7fa30
9,0xba21d01125d6932ce8abf3625977899fd2c7fa30
10,0xba21d01125d6932ce8abf3625977899fd2c7fa30
11,0xba21d01125d6932ce8abf3625977899fd2c7fa30
12,0xba21d01125d6932ce8abf3625977899fd2c7fa30
13,0x9aea0165dd26cb2b2993fac6cab0ed272ed33b46
14,0x9aea0165dd26cb2b2993fac6cab0ed272ed33b46
15,0x7e474fe5cfb720804860215f407111183cbc2f85
16,0x7e474fe5cfb720804860215f407111183cbc2f85
17,0x7a5c4caf90e9211d7d474918f764ebdc2f9ec1a3
18,0x7a5c4caf90e9211d7d474918f764ebdc2f9ec1a3
19,0x7a5c4caf90e9211d7d474918f764ebdc2f9ec1a3
20,0x7a5c4caf90e9211d7d474918f764ebdc2f9ec1a3
21,0xba21d01125d6932ce8abf3625977899fd2c7fa30
22,0xba21d01125d6932ce8abf3625977899fd2c7fa30
23,0x8cb4ed384f99d35311f21d3126e93c7dfe74a32d
24,0x8cb4ed384f99d35311f21d3126e93c7dfe74a32d
25,0xba21d01125d6932ce8abf3625977899fd2c7fa30
26,0xba21d01125d6932ce8abf3625977899fd2c7fa30
27,0xc492e8284c4a3caeada85b975a82979b3e8dac6e
28,0xc492e8284c4a3caeada85b975a82979b3e8dac6e
29,0xba21d01125d6932ce8abf3625977899fd2c7fa30
30,0xba21d01125d6932ce8abf3625977899fd2c7fa30
31,0xba21d01125d6932ce8abf3625977899fd2c7fa30
32,0xba21d01125d6932ce8abf3625977899fd2c7fa30
33,0xc492e8284c4a3caeada85b975a82979b3e8dac6e
34,0xc492e8284c4a3caeada85b975a82979b3e8dac6e
35,0xba21d01125d6932ce8abf3625977899fd2c7fa30
36,0xba21d01125d6932ce8abf3625977899fd2c7fa30
37,0xba21d01125d6932ce8abf3625977899fd2c7fa30
38,0xba21d01125d6932ce8abf3625977899fd2c7fa30
39,0xba21d01125d6932ce8abf3625977899fd2c7fa30
40,0xba21d01125d6932ce8abf3625977899fd2c7fa30
41,0xba21d01125d6932ce8abf3625977899fd2c7fa30
42,0xba21d01125d6932ce8abf3625977899fd2c7fa30
43,0xba21d01125d6932ce8abf3625977899fd2c7fa30
44,0xba21d01125d6932ce8abf3625977899fd2c7fa30
45,0xba21d01125d6932ce8abf3625977899fd2c7fa30
46,0xba21d01125d6932ce8abf3625977899fd2c7fa30
47,0xba21d01125d6932ce8abf3625977899fd2c7fa30
48,0xc492e8284c4a3caeada85b975a82979b3e8dac6e
49,0xc492e8284c4a3caeada85b975a82979b3e8dac6e
50,0xba21d01125d6932ce8abf3625977899fd2c7fa30
51,0xba21d01125d6932ce8abf3625977899fd2c7fa30
52,0xba21d01125d6932ce8abf3625977899fd2c7fa30
53,0xba21d01125d6932ce8abf3625977899fd2c7fa30
54,0x4f0d861281161f39c62b790995fb1e7a0b81b07b
55,0x4f0d861281161f39c62b790995fb1e7a0b81b07b
56,0x4f0d861281161f39c62b790995fb1e7a0b81b07b
57,0x4f0d861281161f39c62b790995fb1e7a0b81b07b
58,0x13a558c7526acde69fb0c413e49afd26c5be6676
59,0x13a558c7526acde69fb0c413e49afd26c5be6676
60,0x3c7a5b6d82dcdb752c5bdb1feea9a9e896d0e427
61,"Sybil Delegate: PhenomenalMark
(0x4906e4f95ad546ce865916f65c825e00630bffa8)"
62,"Sybil Delegate: PhenomenalMark
(0x4906e4f95ad546ce865916f65c825e00630bffa8)"
63,0x2710490eccd09b395fe4deaf1db6af0821735783
64,0x2710490eccd09b395fe4deaf1db6af0821735783
65,0x53b485cf5ac14fc0b07b9727340c8e4697b42524
66,0x53b485cf5ac14fc0b07b9727340c8e4697b42524
67,0xaf84e6e5b165e07733cacc5a26b051886ad827d6
68,0xaf84e6e5b165e07733cacc5a26b051886ad827d6
69,0x153685a03c2025b6825ae164e2ff5681ee487667
70,0x153685a03c2025b6825ae164e2ff5681ee487667
71,0x153685a03c2025b6825ae164e2ff5681ee487667
72,0x9519003f936ec7d7efe6589170b8f03926e49317
73,0x9519003f936ec7d7efe6589170b8f03926e49317
74,0x4cd925321407b9c0182329dcc99e6e76723cd388
75,0x4cd925321407b9c0182329dcc99e6e76723cd388
76,0x4cd925321407b9c0182329dcc99e6e76723cd388
