0,0xf88925ca0cba5704d3c621061ad6fd11862470c0
1,0x706829f74e6c3e000c3006607ca1aed15578ac4a
2,0xf88925ca0cba5704d3c621061ad6fd11862470c0
3,0xf88925ca0cba5704d3c621061ad6fd11862470c0
4,0xf88925ca0cba5704d3c621061ad6fd11862470c0
5,0xf88925ca0cba5704d3c621061ad6fd11862470c0
6,0xf88925ca0cba5704d3c621061ad6fd11862470c0
7,0xf88925ca0cba5704d3c621061ad6fd11862470c0
8,0xf88925ca0cba5704d3c621061ad6fd11862470c0
9,0xf88925ca0cba5704d3c621061ad6fd11862470c0
10,0x511bf85f56f904fb7314226243deadd05bf4dbfd
11,0xf88925ca0cba5704d3c621061ad6fd11862470c0
12,0xf88925ca0cba5704d3c621061ad6fd11862470c0
13,0xf88925ca0cba5704d3c621061ad6fd11862470c0
14,0xf88925ca0cba5704d3c621061ad6fd11862470c0
15,0xf88925ca0cba5704d3c621061ad6fd11862470c0
16,0xf88925ca0cba5704d3c621061ad6fd11862470c0
17,0xf88925ca0cba5704d3c621061ad6fd11862470c0
18,0x706829f74e6c3e000c3006607ca1aed15578ac4a
19,0xf88925ca0cba5704d3c621061ad6fd11862470c0
20,0xf88925ca0cba5704d3c621061ad6fd11862470c0
21,"Binance 4
(0x0681d8db095565fe8a346fa0277bffde9c0edbbf)"
22,0xf88925ca0cba5704d3c621061ad6fd11862470c0
23,0xf88925ca0cba5704d3c621061ad6fd11862470c0
24,0xf88925ca0cba5704d3c621061ad6fd11862470c0
25,0xf88925ca0cba5704d3c621061ad6fd11862470c0
26,0xf88925ca0cba5704d3c621061ad6fd11862470c0
27,0x5e96dc91cb7b9a5ee0358c9a1c9d9ed4f457dba5
28,0xfffb1ce819fc43acd35a185ef996701950e371c3
29,0x100686e227db46f34a50ee5ea9ac9e60f9a4534c
30,0xa93dfeef9f2bde2bba6c6398323e26242df255be
31,0x61f473825e5609822bca816ca0e0c1ca8a65bd3d
32,0xf88925ca0cba5704d3c621061ad6fd11862470c0
33,0xaa73c514e8775c14fc069fc57a19557a37585fa2
34,0x490e3a01cdccf6cf240837b3de70b8c99ebd9fc7
35,0x490e3a01cdccf6cf240837b3de70b8c99ebd9fc7
36,0xf88925ca0cba5704d3c621061ad6fd11862470c0
37,0x258149f9f17c42f0196bf27006051257db5f76ec
38,0x258149f9f17c42f0196bf27006051257db5f76ec
39,0xf88925ca0cba5704d3c621061ad6fd11862470c0
40,0xf88925ca0cba5704d3c621061ad6fd11862470c0
41,0xf88925ca0cba5704d3c621061ad6fd11862470c0
42,0x5a2230be6f5126130ef517420ccbe994d314ba08
43,0x6be58d9bbfd41194469f95eb2fcc244f7a2a1822
44,0x6be58d9bbfd41194469f95eb2fcc244f7a2a1822
45,0xf4faf1da0b2d8decfaf73fb54dffc82181b21cf9
46,0xa93dfeef9f2bde2bba6c6398323e26242df255be
47,0xf42b70aef5701e071d0d54a94eed01bda54466ed
