0,0x82ee855eca88c30029582917a536d1a7ce3886d2
1,0x82ee855eca88c30029582917a536d1a7ce3886d2
2,0x82ee855eca88c30029582917a536d1a7ce3886d2
3,0x82ee855eca88c30029582917a536d1a7ce3886d2
4,0x82ee855eca88c30029582917a536d1a7ce3886d2
5,0x82ee855eca88c30029582917a536d1a7ce3886d2
6,0x9843ca1dfe84d649930bb78f55ef9a2cb5538ea2
7,0x9843ca1dfe84d649930bb78f55ef9a2cb5538ea2
8,0x9843ca1dfe84d649930bb78f55ef9a2cb5538ea2
9,0x9843ca1dfe84d649930bb78f55ef9a2cb5538ea2
10,0x19938abe95bb101794bd271f019890209ffd15b7
11,0x19938abe95bb101794bd271f019890209ffd15b7
12,0x9843ca1dfe84d649930bb78f55ef9a2cb5538ea2
13,0x9843ca1dfe84d649930bb78f55ef9a2cb5538ea2
14,0x19938abe95bb101794bd271f019890209ffd15b7
15,0x9843ca1dfe84d649930bb78f55ef9a2cb5538ea2
16,0x19938abe95bb101794bd271f019890209ffd15b7
17,0x9843ca1dfe84d649930bb78f55ef9a2cb5538ea2
18,0x19938abe95bb101794bd271f019890209ffd15b7
19,0x9843ca1dfe84d649930bb78f55ef9a2cb5538ea2
20,0x19938abe95bb101794bd271f019890209ffd15b7
21,0x9843ca1dfe84d649930bb78f55ef9a2cb5538ea2
22,0x19938abe95bb101794bd271f019890209ffd15b7
23,0x19938abe95bb101794bd271f019890209ffd15b7
24,0x19938abe95bb101794bd271f019890209ffd15b7
25,0x19938abe95bb101794bd271f019890209ffd15b7
26,0x19938abe95bb101794bd271f019890209ffd15b7
27,0x9843ca1dfe84d649930bb78f55ef9a2cb5538ea2
28,0x9843ca1dfe84d649930bb78f55ef9a2cb5538ea2
29,0x82ee855eca88c30029582917a536d1a7ce3886d2
30,0x19938abe95bb101794bd271f019890209ffd15b7
31,0x19938abe95bb101794bd271f019890209ffd15b7
32,0x9843ca1dfe84d649930bb78f55ef9a2cb5538ea2
33,0x9843ca1dfe84d649930bb78f55ef9a2cb5538ea2
34,0x9843ca1dfe84d649930bb78f55ef9a2cb5538ea2
35,0x9843ca1dfe84d649930bb78f55ef9a2cb5538ea2
36,0x19938abe95bb101794bd271f019890209ffd15b7
37,0x9843ca1dfe84d649930bb78f55ef9a2cb5538ea2
38,0x19938abe95bb101794bd271f019890209ffd15b7
39,0x9843ca1dfe84d649930bb78f55ef9a2cb5538ea2
40,0x9843ca1dfe84d649930bb78f55ef9a2cb5538ea2
41,0x9843ca1dfe84d649930bb78f55ef9a2cb5538ea2
42,0x19938abe95bb101794bd271f019890209ffd15b7
43,0x19938abe95bb101794bd271f019890209ffd15b7
44,0x19938abe95bb101794bd271f019890209ffd15b7
45,0x19938abe95bb101794bd271f019890209ffd15b7
46,0x19938abe95bb101794bd271f019890209ffd15b7
47,0x19938abe95bb101794bd271f019890209ffd15b7
48,0x19938abe95bb101794bd271f019890209ffd15b7
49,0x19938abe95bb101794bd271f019890209ffd15b7
50,0x19938abe95bb101794bd271f019890209ffd15b7
51,0x19938abe95bb101794bd271f019890209ffd15b7
52,0x9843ca1dfe84d649930bb78f55ef9a2cb5538ea2
53,0x19938abe95bb101794bd271f019890209ffd15b7
54,0x9843ca1dfe84d649930bb78f55ef9a2cb5538ea2
55,0x19938abe95bb101794bd271f019890209ffd15b7
56,0x19938abe95bb101794bd271f019890209ffd15b7
57,0x9843ca1dfe84d649930bb78f55ef9a2cb5538ea2
58,0x9843ca1dfe84d649930bb78f55ef9a2cb5538ea2
59,0x9843ca1dfe84d649930bb78f55ef9a2cb5538ea2
60,0x19938abe95bb101794bd271f019890209ffd15b7
61,0x19938abe95bb101794bd271f019890209ffd15b7
62,0x19938abe95bb101794bd271f019890209ffd15b7
63,0x19938abe95bb101794bd271f019890209ffd15b7
64,0x19938abe95bb101794bd271f019890209ffd15b7
65,0x19938abe95bb101794bd271f019890209ffd15b7
66,0x9843ca1dfe84d649930bb78f55ef9a2cb5538ea2
67,0x9843ca1dfe84d649930bb78f55ef9a2cb5538ea2
68,0x19938abe95bb101794bd271f019890209ffd15b7
69,0x19938abe95bb101794bd271f019890209ffd15b7
70,0x9843ca1dfe84d649930bb78f55ef9a2cb5538ea2
71,0x19938abe95bb101794bd271f019890209ffd15b7
72,0x9843ca1dfe84d649930bb78f55ef9a2cb5538ea2
73,0x19938abe95bb101794bd271f019890209ffd15b7
74,0x19938abe95bb101794bd271f019890209ffd15b7
75,0x19938abe95bb101794bd271f019890209ffd15b7
76,0x9843ca1dfe84d649930bb78f55ef9a2cb5538ea2
77,0x19938abe95bb101794bd271f019890209ffd15b7
78,0x19938abe95bb101794bd271f019890209ffd15b7
79,0x19938abe95bb101794bd271f019890209ffd15b7
80,0x19938abe95bb101794bd271f019890209ffd15b7
81,0x19938abe95bb101794bd271f019890209ffd15b7
82,0x19938abe95bb101794bd271f019890209ffd15b7
83,0x9843ca1dfe84d649930bb78f55ef9a2cb5538ea2
84,0x19938abe95bb101794bd271f019890209ffd15b7
85,0x19938abe95bb101794bd271f019890209ffd15b7
86,0x19938abe95bb101794bd271f019890209ffd15b7
87,0x19938abe95bb101794bd271f019890209ffd15b7
88,0x19938abe95bb101794bd271f019890209ffd15b7
89,0x19938abe95bb101794bd271f019890209ffd15b7
90,0x19938abe95bb101794bd271f019890209ffd15b7
91,0x19938abe95bb101794bd271f019890209ffd15b7
92,0x19938abe95bb101794bd271f019890209ffd15b7
93,0x19938abe95bb101794bd271f019890209ffd15b7
94,0x19938abe95bb101794bd271f019890209ffd15b7
95,0x19938abe95bb101794bd271f019890209ffd15b7
96,0x9843ca1dfe84d649930bb78f55ef9a2cb5538ea2
97,0x9843ca1dfe84d649930bb78f55ef9a2cb5538ea2
98,0x19938abe95bb101794bd271f019890209ffd15b7
99,0x19938abe95bb101794bd271f019890209ffd15b7
100,0x19938abe95bb101794bd271f019890209ffd15b7
101,0x19938abe95bb101794bd271f019890209ffd15b7
102,0x19938abe95bb101794bd271f019890209ffd15b7
103,0x19938abe95bb101794bd271f019890209ffd15b7
104,0x19938abe95bb101794bd271f019890209ffd15b7
105,0x19938abe95bb101794bd271f019890209ffd15b7
106,0x19938abe95bb101794bd271f019890209ffd15b7
107,0x19938abe95bb101794bd271f019890209ffd15b7
108,0x19938abe95bb101794bd271f019890209ffd15b7
109,0x9843ca1dfe84d649930bb78f55ef9a2cb5538ea2
110,0x9843ca1dfe84d649930bb78f55ef9a2cb5538ea2
111,0x19938abe95bb101794bd271f019890209ffd15b7
112,"Mercatox
(0xe03c23519e18d64f144d2800e30e81b0065c48b5)"
113,0x19938abe95bb101794bd271f019890209ffd15b7
114,0x48b8382cc70de6b1e631784a393edd42cf0bc4c9
115,0x19938abe95bb101794bd271f019890209ffd15b7
116,0x19938abe95bb101794bd271f019890209ffd15b7
117,0x48b8382cc70de6b1e631784a393edd42cf0bc4c9
118,0x19938abe95bb101794bd271f019890209ffd15b7
119,0x9843ca1dfe84d649930bb78f55ef9a2cb5538ea2
120,0x19938abe95bb101794bd271f019890209ffd15b7
121,0x48b8382cc70de6b1e631784a393edd42cf0bc4c9
122,0x48b8382cc70de6b1e631784a393edd42cf0bc4c9
123,0x44d3fe0101638cf5eb12e9225fde2556d13b167c
124,0x48b8382cc70de6b1e631784a393edd42cf0bc4c9
125,0x44d3fe0101638cf5eb12e9225fde2556d13b167c
126,0x44d3fe0101638cf5eb12e9225fde2556d13b167c
127,0x48b8382cc70de6b1e631784a393edd42cf0bc4c9
128,0x44d3fe0101638cf5eb12e9225fde2556d13b167c
129,0x48b8382cc70de6b1e631784a393edd42cf0bc4c9
130,0x44d3fe0101638cf5eb12e9225fde2556d13b167c
131,0x44d3fe0101638cf5eb12e9225fde2556d13b167c
132,0x44d3fe0101638cf5eb12e9225fde2556d13b167c
133,0x48b8382cc70de6b1e631784a393edd42cf0bc4c9
134,0x44d3fe0101638cf5eb12e9225fde2556d13b167c
135,0x9843ca1dfe84d649930bb78f55ef9a2cb5538ea2
136,0x44d3fe0101638cf5eb12e9225fde2556d13b167c
137,0x48b8382cc70de6b1e631784a393edd42cf0bc4c9
138,0x44d3fe0101638cf5eb12e9225fde2556d13b167c
139,0x48b8382cc70de6b1e631784a393edd42cf0bc4c9
140,0x44d3fe0101638cf5eb12e9225fde2556d13b167c
141,0x44d3fe0101638cf5eb12e9225fde2556d13b167c
142,0x48b8382cc70de6b1e631784a393edd42cf0bc4c9
143,0x48b8382cc70de6b1e631784a393edd42cf0bc4c9
144,0x44d3fe0101638cf5eb12e9225fde2556d13b167c
145,0x44d3fe0101638cf5eb12e9225fde2556d13b167c
146,0x48b8382cc70de6b1e631784a393edd42cf0bc4c9
147,0x48b8382cc70de6b1e631784a393edd42cf0bc4c9
148,"Mercatox
(0xe03c23519e18d64f144d2800e30e81b0065c48b5)"
149,0x44d3fe0101638cf5eb12e9225fde2556d13b167c
150,0x44d3fe0101638cf5eb12e9225fde2556d13b167c
151,0x11b326a6a52640023c47ec1ea18de71e167f4bf3
152,0x44d3fe0101638cf5eb12e9225fde2556d13b167c
153,0x82ee855eca88c30029582917a536d1a7ce3886d2
154,0x9843ca1dfe84d649930bb78f55ef9a2cb5538ea2
155,0x44d3fe0101638cf5eb12e9225fde2556d13b167c
156,0x19938abe95bb101794bd271f019890209ffd15b7
157,0x44d3fe0101638cf5eb12e9225fde2556d13b167c
158,0x44d3fe0101638cf5eb12e9225fde2556d13b167c
159,0x19938abe95bb101794bd271f019890209ffd15b7
160,0x9843ca1dfe84d649930bb78f55ef9a2cb5538ea2
161,0x19938abe95bb101794bd271f019890209ffd15b7
162,0x9843ca1dfe84d649930bb78f55ef9a2cb5538ea2
163,0x44d3fe0101638cf5eb12e9225fde2556d13b167c
164,0x48b8382cc70de6b1e631784a393edd42cf0bc4c9
165,0x9843ca1dfe84d649930bb78f55ef9a2cb5538ea2
166,0x19938abe95bb101794bd271f019890209ffd15b7
167,0x44d3fe0101638cf5eb12e9225fde2556d13b167c
168,0x48b8382cc70de6b1e631784a393edd42cf0bc4c9
169,0x44d3fe0101638cf5eb12e9225fde2556d13b167c
170,0x19938abe95bb101794bd271f019890209ffd15b7
171,0xbeb12bb029ca6ee8a0dd2cfc61b9422dddbd924e
172,0x19938abe95bb101794bd271f019890209ffd15b7
173,0x9843ca1dfe84d649930bb78f55ef9a2cb5538ea2
174,0x19938abe95bb101794bd271f019890209ffd15b7
175,0x19938abe95bb101794bd271f019890209ffd15b7
176,0x9843ca1dfe84d649930bb78f55ef9a2cb5538ea2
177,0x93b9647c7e8900470ca63460c22f02034f1b5204
178,0x19938abe95bb101794bd271f019890209ffd15b7
179,0xbeb12bb029ca6ee8a0dd2cfc61b9422dddbd924e
180,0x48b8382cc70de6b1e631784a393edd42cf0bc4c9
181,0x32b8d74d0c0e5a5f1043073981df5623be5a7c72
182,0xdadd0c6171b71193c1bc19f7edcc42c9646a3378
183,0x19938abe95bb101794bd271f019890209ffd15b7
184,0x32b8d74d0c0e5a5f1043073981df5623be5a7c72
185,0xef2017ae14e52992886126a6108bbfb5eb200681
186,0x19938abe95bb101794bd271f019890209ffd15b7
187,0x32b8d74d0c0e5a5f1043073981df5623be5a7c72
188,"Mercatox
(0xe03c23519e18d64f144d2800e30e81b0065c48b5)"
189,0x19938abe95bb101794bd271f019890209ffd15b7
190,0x930aa5668eec62ddf98e42dec9aa376365fdc30f
191,0x930aa5668eec62ddf98e42dec9aa376365fdc30f
192,0x32b8d74d0c0e5a5f1043073981df5623be5a7c72
193,0x692db7e143062bbeb67502c82b6412c9b33e8a17
194,0x80b9b8b36784b6024d07bb65b540f84b05e2776a
195,0xcdd8047957fc0328345aa4a7fffbeed297836591
196,0x6204f152cfc9d633774bffa31152118199ba5c43
197,0xb0f0900674dc1ae13ebd0ac003722a443f92cc4d
198,0x935d96445208e549b64f16b2d75f936e53ff1541
199,0x82ee855eca88c30029582917a536d1a7ce3886d2
200,0x82ee855eca88c30029582917a536d1a7ce3886d2
201,0x82ee855eca88c30029582917a536d1a7ce3886d2
202,0x82ee855eca88c30029582917a536d1a7ce3886d2
203,0x82ee855eca88c30029582917a536d1a7ce3886d2
204,0x82ee855eca88c30029582917a536d1a7ce3886d2
205,0x82ee855eca88c30029582917a536d1a7ce3886d2
206,0x82ee855eca88c30029582917a536d1a7ce3886d2
207,0x82ee855eca88c30029582917a536d1a7ce3886d2
208,0x82ee855eca88c30029582917a536d1a7ce3886d2
209,0x82ee855eca88c30029582917a536d1a7ce3886d2
210,0x5ad3bf6959b7f208cd4f9df6ad5fade355f741d3
211,0x82ee855eca88c30029582917a536d1a7ce3886d2
212,0x82ee855eca88c30029582917a536d1a7ce3886d2
213,0x5ad3bf6959b7f208cd4f9df6ad5fade355f741d3
214,0x82ee855eca88c30029582917a536d1a7ce3886d2
215,0x5ad3bf6959b7f208cd4f9df6ad5fade355f741d3
216,0x1eb1c5313c1db47d1632f3a17f95924cd8087a94
217,0x5ad3bf6959b7f208cd4f9df6ad5fade355f741d3
218,0x5ad3bf6959b7f208cd4f9df6ad5fade355f741d3
219,0x5ad3bf6959b7f208cd4f9df6ad5fade355f741d3
220,0x8e09cc21ef427bf41e117c102afff8bcee58a6a4
221,0x82ee855eca88c30029582917a536d1a7ce3886d2
222,0x5ad3bf6959b7f208cd4f9df6ad5fade355f741d3
223,0x82ee855eca88c30029582917a536d1a7ce3886d2
224,0xd7e59714c01e566e26ab2d1b07901c477e22f153
225,0x5ad3bf6959b7f208cd4f9df6ad5fade355f741d3
226,"Mercatox
(0xe03c23519e18d64f144d2800e30e81b0065c48b5)"
227,0x5ad3bf6959b7f208cd4f9df6ad5fade355f741d3
228,0x5ad3bf6959b7f208cd4f9df6ad5fade355f741d3
229,0x5ad3bf6959b7f208cd4f9df6ad5fade355f741d3
230,0x15f3f6aaa1b599bb9273a25b5383e8ca768b8575
231,0x9843ca1dfe84d649930bb78f55ef9a2cb5538ea2
232,0x35838e6ac088baf2f3415c6037ba67a2481b6e02
233,"Mercatox
(0xe03c23519e18d64f144d2800e30e81b0065c48b5)"
234,0x48b8382cc70de6b1e631784a393edd42cf0bc4c9
235,0x82ee855eca88c30029582917a536d1a7ce3886d2
236,0x82ee855eca88c30029582917a536d1a7ce3886d2
237,0x82ee855eca88c30029582917a536d1a7ce3886d2
238,0x82ee855eca88c30029582917a536d1a7ce3886d2
239,0x82ee855eca88c30029582917a536d1a7ce3886d2
240,0x82ee855eca88c30029582917a536d1a7ce3886d2
241,0x82ee855eca88c30029582917a536d1a7ce3886d2
242,0x82ee855eca88c30029582917a536d1a7ce3886d2
243,0x82ee855eca88c30029582917a536d1a7ce3886d2
244,0x82ee855eca88c30029582917a536d1a7ce3886d2
245,0x82ee855eca88c30029582917a536d1a7ce3886d2
246,0x86b3b24e623897d30487a761701d85785f3ba832
247,0x19938abe95bb101794bd271f019890209ffd15b7
248,0x48b8382cc70de6b1e631784a393edd42cf0bc4c9
249,0x19938abe95bb101794bd271f019890209ffd15b7
250,0x82ee855eca88c30029582917a536d1a7ce3886d2
251,0x9dbae5c88ac986248d35db333a4b8f5fb96c1def
252,0x19938abe95bb101794bd271f019890209ffd15b7
253,0x19938abe95bb101794bd271f019890209ffd15b7
254,0x82ee855eca88c30029582917a536d1a7ce3886d2
255,0x19938abe95bb101794bd271f019890209ffd15b7
256,0x82ee855eca88c30029582917a536d1a7ce3886d2
257,0x19938abe95bb101794bd271f019890209ffd15b7
258,0x82ee855eca88c30029582917a536d1a7ce3886d2
259,0x82ee855eca88c30029582917a536d1a7ce3886d2
260,0x82ee855eca88c30029582917a536d1a7ce3886d2
261,0x82ee855eca88c30029582917a536d1a7ce3886d2
262,0x9843ca1dfe84d649930bb78f55ef9a2cb5538ea2
263,0x19938abe95bb101794bd271f019890209ffd15b7
264,0x19938abe95bb101794bd271f019890209ffd15b7
265,0x82ee855eca88c30029582917a536d1a7ce3886d2
266,0x9843ca1dfe84d649930bb78f55ef9a2cb5538ea2
267,0x19938abe95bb101794bd271f019890209ffd15b7
268,0x9843ca1dfe84d649930bb78f55ef9a2cb5538ea2
269,0x19938abe95bb101794bd271f019890209ffd15b7
270,0x19938abe95bb101794bd271f019890209ffd15b7
271,0x9843ca1dfe84d649930bb78f55ef9a2cb5538ea2
272,0x19938abe95bb101794bd271f019890209ffd15b7
273,0x19938abe95bb101794bd271f019890209ffd15b7
274,0x82ee855eca88c30029582917a536d1a7ce3886d2
275,0x82ee855eca88c30029582917a536d1a7ce3886d2
276,0x19938abe95bb101794bd271f019890209ffd15b7
277,0x82ee855eca88c30029582917a536d1a7ce3886d2
278,0x19938abe95bb101794bd271f019890209ffd15b7
279,0x82ee855eca88c30029582917a536d1a7ce3886d2
280,0x19938abe95bb101794bd271f019890209ffd15b7
281,0x19938abe95bb101794bd271f019890209ffd15b7
282,0x9843ca1dfe84d649930bb78f55ef9a2cb5538ea2
283,0x82ee855eca88c30029582917a536d1a7ce3886d2
284,0x19938abe95bb101794bd271f019890209ffd15b7
285,0x9843ca1dfe84d649930bb78f55ef9a2cb5538ea2
286,0x19938abe95bb101794bd271f019890209ffd15b7
287,0x82ee855eca88c30029582917a536d1a7ce3886d2
288,0x5ad3bf6959b7f208cd4f9df6ad5fade355f741d3
289,0x19938abe95bb101794bd271f019890209ffd15b7
290,0x9843ca1dfe84d649930bb78f55ef9a2cb5538ea2
291,0x82ee855eca88c30029582917a536d1a7ce3886d2
292,0x19938abe95bb101794bd271f019890209ffd15b7
293,0x9843ca1dfe84d649930bb78f55ef9a2cb5538ea2
294,0x19938abe95bb101794bd271f019890209ffd15b7
295,0x82ee855eca88c30029582917a536d1a7ce3886d2
296,0x9843ca1dfe84d649930bb78f55ef9a2cb5538ea2
297,0x19938abe95bb101794bd271f019890209ffd15b7
298,0x9843ca1dfe84d649930bb78f55ef9a2cb5538ea2
299,0x19938abe95bb101794bd271f019890209ffd15b7
300,0x82ee855eca88c30029582917a536d1a7ce3886d2
301,0x9843ca1dfe84d649930bb78f55ef9a2cb5538ea2
302,0x19938abe95bb101794bd271f019890209ffd15b7
303,0x9843ca1dfe84d649930bb78f55ef9a2cb5538ea2
304,0x19938abe95bb101794bd271f019890209ffd15b7
305,0x5ad3bf6959b7f208cd4f9df6ad5fade355f741d3
306,0x9843ca1dfe84d649930bb78f55ef9a2cb5538ea2
307,0x19938abe95bb101794bd271f019890209ffd15b7
308,0x19938abe95bb101794bd271f019890209ffd15b7
309,0x82ee855eca88c30029582917a536d1a7ce3886d2
310,0x9843ca1dfe84d649930bb78f55ef9a2cb5538ea2
311,0x19938abe95bb101794bd271f019890209ffd15b7
312,0x82ee855eca88c30029582917a536d1a7ce3886d2
313,0x9843ca1dfe84d649930bb78f55ef9a2cb5538ea2
314,0x82ee855eca88c30029582917a536d1a7ce3886d2
315,0x19938abe95bb101794bd271f019890209ffd15b7
316,0x9843ca1dfe84d649930bb78f55ef9a2cb5538ea2
317,0x9843ca1dfe84d649930bb78f55ef9a2cb5538ea2
318,0x19938abe95bb101794bd271f019890209ffd15b7
319,0x5ad3bf6959b7f208cd4f9df6ad5fade355f741d3
320,0x19938abe95bb101794bd271f019890209ffd15b7
321,0x82ee855eca88c30029582917a536d1a7ce3886d2
322,0x9843ca1dfe84d649930bb78f55ef9a2cb5538ea2
323,0x5ad3bf6959b7f208cd4f9df6ad5fade355f741d3
324,0x9843ca1dfe84d649930bb78f55ef9a2cb5538ea2
325,0x19938abe95bb101794bd271f019890209ffd15b7
326,0x9843ca1dfe84d649930bb78f55ef9a2cb5538ea2
327,0x19938abe95bb101794bd271f019890209ffd15b7
