0,0x45bee4beff9dab1b5479b35985c53be9155f9371
1,0x4ed1db98a562594cbd42161354746eaafd1f9c44
2,0x00febfc7be373f8088182850feca034dda8b7a67
3,0xce192be11dde37630ef842e3af5fbd7bea15c6f9
4,0xb62e27446079c2f2575c79274cd905bf1e1e4edb
5,0xdcb018ead6a94843ef2391b3358294020791450b
6,0x18d2ad9dfc0ba35e124e105e268ebc224323694a
7,0x86850f5f7d035dd96b07a75c484d520cff13eb58
8,0x08750da30e952b6ef3d034172904ca7ec1ab133a
9,0xff37732a268a2ed27627c14c45f100b87e17ffda
10,0x992066a964c241ed4996e750284d039b14a19fa5
11,0x1f4df63b8d32e54d94141ef8475c55df4db2a02d
12,0x992066a964c241ed4996e750284d039b14a19fa5
13,0x4b61ede41e7c8034d6bdf1741ca94910993798aa
14,0xce192be11dde37630ef842e3af5fbd7bea15c6f9
15,0x1f4df63b8d32e54d94141ef8475c55df4db2a02d
16,0x1f4df63b8d32e54d94141ef8475c55df4db2a02d
17,0x1f4df63b8d32e54d94141ef8475c55df4db2a02d
18,0x992066a964c241ed4996e750284d039b14a19fa5
19,0x992066a964c241ed4996e750284d039b14a19fa5
20,0x992066a964c241ed4996e750284d039b14a19fa5
21,0x992066a964c241ed4996e750284d039b14a19fa5
22,0x992066a964c241ed4996e750284d039b14a19fa5
23,0x1f4df63b8d32e54d94141ef8475c55df4db2a02d
24,0x1f4df63b8d32e54d94141ef8475c55df4db2a02d
25,0x1f4df63b8d32e54d94141ef8475c55df4db2a02d
26,0x1f4df63b8d32e54d94141ef8475c55df4db2a02d
27,0x992066a964c241ed4996e750284d039b14a19fa5
28,0x995516bb1458fa7b192bb4bab0635fc9ab447fd1
29,0x00f9e49ed5f74025e7e0157ed64c5e26abb09c7f
30,0x7c8e7d9be868673a1bfe0686742accb6eaffef6f
31,0x1f4df63b8d32e54d94141ef8475c55df4db2a02d
32,0x7bded0d5b6e2f9a44f59752af633e4d1ed200392
33,0x95a7bef91a5512d954c721ccbd6fc5402667fade
34,0xeffa985219dc83e9d4fb124b14c8441b6616ca4d
35,0x992066a964c241ed4996e750284d039b14a19fa5
36,0x65f345e619c28dd585c366374a1a66eed2ce61d7
37,0x70b3749e352bd8d21e2782e64fa6b6299bcad661
38,0x992066a964c241ed4996e750284d039b14a19fa5
39,0x1f4df63b8d32e54d94141ef8475c55df4db2a02d
40,0x009111e6da756f2c64a83dd6ebb985853554deed
41,0x3e10553fff3a5ac28b9a7e7f4afafb4c1d6efc0b
42,0xf1e4ed9b34439d08c5544a2e0b4503df8e3c297a
43,0xd1cf4641d0f255aeba39493d916302a0a9d7cf3f
44,0x7bded0d5b6e2f9a44f59752af633e4d1ed200392
45,0x1019a5495ad9b529ed29f848c8d0334dc5b95b5b
46,0x1f4df63b8d32e54d94141ef8475c55df4db2a02d
47,0x38e34700012df4b9966626a5ed41fbb45d26c9de
48,0xabb0bd1360234c633d2589df384e4cab0272ba17
49,0x1019a5495ad9b529ed29f848c8d0334dc5b95b5b
50,0xeffa985219dc83e9d4fb124b14c8441b6616ca4d
51,0x65f345e619c28dd585c366374a1a66eed2ce61d7
52,0x394c8b7bf4100ee3b5d5a865ec3f0a1ab710cf45
53,0x394c8b7bf4100ee3b5d5a865ec3f0a1ab710cf45
54,0x03839b60b20e4973066c06d1b6cfa6bcebc6b1fc
55,0x03839b60b20e4973066c06d1b6cfa6bcebc6b1fc
