0,"Cryptobots.me: Deployer
(0x77e42674e1cc459dd116bcab3d3be01409481f9d)"
1,"Cryptobots.me: Deployer
(0x77e42674e1cc459dd116bcab3d3be01409481f9d)"
2,"Cryptobots.me: Deployer
(0x77e42674e1cc459dd116bcab3d3be01409481f9d)"
3,0xa2b58f70cf450d465bf153bff4c83a7427269105
4,0x3c30e0ce0bd53978d8bae895e6b378e033ed129e
5,0xcad7aa494df4a75983ca4241aa83295796f52bfd
6,0xb5c9fc19a2308a47872f872f57333d715fa5ea33
7,0xb5c9fc19a2308a47872f872f57333d715fa5ea33
8,0xb5c9fc19a2308a47872f872f57333d715fa5ea33
9,0xb5c9fc19a2308a47872f872f57333d715fa5ea33
10,0xbafe0d1f1b41f490a22bffb9f431e95b684fd99c
11,0x673ff880f77102413ae555a711ccdb5d1b9ef15b
12,0xd5d34deed1aa357898c96a7e26ad8d1d4bd6b5d6
13,0x92ec7dca2e2145a0a27615345e77615ab3f75155
14,0x85c92f16e3e71e45c4b18bccb53f4398529f1fa6
15,0x85c92f16e3e71e45c4b18bccb53f4398529f1fa6
16,0x85c92f16e3e71e45c4b18bccb53f4398529f1fa6
17,0x41540fe22f4443d107bb5771cd08873d2e3562d3
18,0x41540fe22f4443d107bb5771cd08873d2e3562d3
19,0xf5b4bd4945b9d19bf1ac95c833f6a8c5bac3a994
20,0x85c92f16e3e71e45c4b18bccb53f4398529f1fa6
21,0x85c92f16e3e71e45c4b18bccb53f4398529f1fa6
22,0xf5b4bd4945b9d19bf1ac95c833f6a8c5bac3a994
23,0xf5b4bd4945b9d19bf1ac95c833f6a8c5bac3a994
24,0xf5b4bd4945b9d19bf1ac95c833f6a8c5bac3a994
25,0xf5b4bd4945b9d19bf1ac95c833f6a8c5bac3a994
26,0xf5b4bd4945b9d19bf1ac95c833f6a8c5bac3a994
27,0xf5b4bd4945b9d19bf1ac95c833f6a8c5bac3a994
28,0xf5b4bd4945b9d19bf1ac95c833f6a8c5bac3a994
29,0x85c92f16e3e71e45c4b18bccb53f4398529f1fa6
30,0xbafe0d1f1b41f490a22bffb9f431e95b684fd99c
31,0x92ccb92765ca0a49fa98091171027faa176f1b88
32,0x92ccb92765ca0a49fa98091171027faa176f1b88
33,0xd5d34deed1aa357898c96a7e26ad8d1d4bd6b5d6
34,0xd95c9809b6e7f404488d52c8d82e6d095b37a190
35,0xd95c9809b6e7f404488d52c8d82e6d095b37a190
36,0xd95c9809b6e7f404488d52c8d82e6d095b37a190
37,0xdc0ae06b82f04e5aa18fb9af274b731c12d7c188
38,0xb61f3c3f9066e95da36a32a0dcd8fd9684e892c7
39,0x1c180f637927384465a3c43e03d2dce18a892fda
40,0xad340745670a6f6603008d0277bcce84a28c32a5
41,0xad340745670a6f6603008d0277bcce84a28c32a5
42,0xd95c9809b6e7f404488d52c8d82e6d095b37a190
43,0xd95c9809b6e7f404488d52c8d82e6d095b37a190
44,0xd95c9809b6e7f404488d52c8d82e6d095b37a190
45,0xd95c9809b6e7f404488d52c8d82e6d095b37a190
46,0xd95c9809b6e7f404488d52c8d82e6d095b37a190
47,"Cryptobots.me: Deployer
(0x77e42674e1cc459dd116bcab3d3be01409481f9d)"
48,0x57031432769bd20cef776a736b1f8ef84961765a
49,0x57031432769bd20cef776a736b1f8ef84961765a
50,0x57031432769bd20cef776a736b1f8ef84961765a
51,0x57031432769bd20cef776a736b1f8ef84961765a
52,0x57031432769bd20cef776a736b1f8ef84961765a
53,0x57031432769bd20cef776a736b1f8ef84961765a
54,0xad340745670a6f6603008d0277bcce84a28c32a5
55,0x4821b37ec01eca1173fefffffbd0eb3ffde3dba4
56,0xd51334fc70d9d937ad207f927439d05578d7a4ff
57,0xd51334fc70d9d937ad207f927439d05578d7a4ff
58,0xd95c9809b6e7f404488d52c8d82e6d095b37a190
59,0xd95c9809b6e7f404488d52c8d82e6d095b37a190
60,0xd95c9809b6e7f404488d52c8d82e6d095b37a190
61,0xd95c9809b6e7f404488d52c8d82e6d095b37a190
62,0xd95c9809b6e7f404488d52c8d82e6d095b37a190
63,0x85c92f16e3e71e45c4b18bccb53f4398529f1fa6
64,0x8e304289addd8d514123c25fbe09b8bb5e384287
65,0xd11df32e37000433164da03380ceffed5336067c
66,0xd95c9809b6e7f404488d52c8d82e6d095b37a190
67,0x85c92f16e3e71e45c4b18bccb53f4398529f1fa6
68,0xf5b4bd4945b9d19bf1ac95c833f6a8c5bac3a994
69,0xbafe0d1f1b41f490a22bffb9f431e95b684fd99c
70,0xf5b4bd4945b9d19bf1ac95c833f6a8c5bac3a994
71,0xf5b4bd4945b9d19bf1ac95c833f6a8c5bac3a994
72,0xf5b4bd4945b9d19bf1ac95c833f6a8c5bac3a994
73,0xf5b4bd4945b9d19bf1ac95c833f6a8c5bac3a994
74,0xf5b4bd4945b9d19bf1ac95c833f6a8c5bac3a994
75,0xf5b4bd4945b9d19bf1ac95c833f6a8c5bac3a994
76,0xf5b4bd4945b9d19bf1ac95c833f6a8c5bac3a994
77,0xf5b4bd4945b9d19bf1ac95c833f6a8c5bac3a994
78,0xf5b4bd4945b9d19bf1ac95c833f6a8c5bac3a994
79,0xf5b4bd4945b9d19bf1ac95c833f6a8c5bac3a994
80,0xf5b4bd4945b9d19bf1ac95c833f6a8c5bac3a994
81,0xf5b4bd4945b9d19bf1ac95c833f6a8c5bac3a994
82,0xf5b4bd4945b9d19bf1ac95c833f6a8c5bac3a994
83,0xf5b4bd4945b9d19bf1ac95c833f6a8c5bac3a994
84,0xf5b4bd4945b9d19bf1ac95c833f6a8c5bac3a994
85,0xf5b4bd4945b9d19bf1ac95c833f6a8c5bac3a994
86,0xf5b4bd4945b9d19bf1ac95c833f6a8c5bac3a994
87,0xf5b4bd4945b9d19bf1ac95c833f6a8c5bac3a994
88,0xf5b4bd4945b9d19bf1ac95c833f6a8c5bac3a994
89,0xf5b4bd4945b9d19bf1ac95c833f6a8c5bac3a994
90,0x85c92f16e3e71e45c4b18bccb53f4398529f1fa6
91,0xd95c9809b6e7f404488d52c8d82e6d095b37a190
92,0xd95c9809b6e7f404488d52c8d82e6d095b37a190
93,0xad340745670a6f6603008d0277bcce84a28c32a5
94,0x9e958cde4190a5e8294793cfabe3f190d1bab2f8
95,0x85c92f16e3e71e45c4b18bccb53f4398529f1fa6
96,0x85c92f16e3e71e45c4b18bccb53f4398529f1fa6
97,0x151ce90fe881fe1da12b1836e532c473b1932393
98,0xd51334fc70d9d937ad207f927439d05578d7a4ff
99,0xe16dbbac237fca1c51580576e1c4c79b93f24f9f
100,0xa5378d4577ec91900ae80c994bedbcd2ac8f613e
101,0xd95c9809b6e7f404488d52c8d82e6d095b37a190
102,0xd95c9809b6e7f404488d52c8d82e6d095b37a190
103,0xd95c9809b6e7f404488d52c8d82e6d095b37a190
104,0xd95c9809b6e7f404488d52c8d82e6d095b37a190
105,0x85c92f16e3e71e45c4b18bccb53f4398529f1fa6
106,0x85c92f16e3e71e45c4b18bccb53f4398529f1fa6
107,0xd51334fc70d9d937ad207f927439d05578d7a4ff
108,0xbafe0d1f1b41f490a22bffb9f431e95b684fd99c
109,0xbafe0d1f1b41f490a22bffb9f431e95b684fd99c
110,0x3cd78221d97aaa93f023b4275319086711889a2f
111,0x78e2615673910f811fe8fb45e97868bf1a954134
112,"Cryptobots.me: Deployer
(0x77e42674e1cc459dd116bcab3d3be01409481f9d)"
113,0x7fe5fbc763f1aa0b19834b987c9ce114ea46c0af
114,0x85c92f16e3e71e45c4b18bccb53f4398529f1fa6
115,0x76aafe87ad4ea51d9e788f9d243bdeb4b377a257
116,0xd51334fc70d9d937ad207f927439d05578d7a4ff
117,0xd51334fc70d9d937ad207f927439d05578d7a4ff
118,0xd51334fc70d9d937ad207f927439d05578d7a4ff
119,0xd51334fc70d9d937ad207f927439d05578d7a4ff
120,0xd51334fc70d9d937ad207f927439d05578d7a4ff
121,0xc08ebb1e03e83924d18fd3652110ce78dfbc6669
122,0xc08ebb1e03e83924d18fd3652110ce78dfbc6669
123,0x85c92f16e3e71e45c4b18bccb53f4398529f1fa6
124,0x75713e3d1a16cf652bcbac49272d8c0340a58daf
125,0x8e304289addd8d514123c25fbe09b8bb5e384287
126,0x8e304289addd8d514123c25fbe09b8bb5e384287
127,0x8e304289addd8d514123c25fbe09b8bb5e384287
128,0x8e304289addd8d514123c25fbe09b8bb5e384287
129,0xd51334fc70d9d937ad207f927439d05578d7a4ff
130,0x1748662af545ccd6c614d244913c33b35f87f2d5
131,0xb48cff77456f36942dd3d719b54da63f08a6f0c8
132,0x3cd78221d97aaa93f023b4275319086711889a2f
133,0xf6cdb54eda741b25f585dd6e363989f45a489efa
134,0xf6cdb54eda741b25f585dd6e363989f45a489efa
135,0x85c92f16e3e71e45c4b18bccb53f4398529f1fa6
136,0xbd4e06c0bee6e1166221172ebd6ece21b558653c
137,0xbc5f248f85018b99354c87da40d4597180b031db
138,0x8e304289addd8d514123c25fbe09b8bb5e384287
139,0xfa696f87ee1ba29482c2fe49ba076c3c36285a8d
140,0x85c92f16e3e71e45c4b18bccb53f4398529f1fa6
141,0x85c92f16e3e71e45c4b18bccb53f4398529f1fa6
142,0xca82dedb3c8ca1f5fe625158df69e9cc3f416502
143,0x45c1e95356c6831d9b278e82ac8ad45bbf917204
144,0x45c1e95356c6831d9b278e82ac8ad45bbf917204
145,0xf4baf3a5199d494fe5814cdbd52e3a36013bf51b
146,0xf4baf3a5199d494fe5814cdbd52e3a36013bf51b
147,0x8e304289addd8d514123c25fbe09b8bb5e384287
148,0x8e304289addd8d514123c25fbe09b8bb5e384287
149,0xc35cc4b7838fdd82fb60cd392cd768f0fcc037f2
150,0xdc0d5d2db3bfb9a8da0b5697807cb5a0b7ea634a
151,0x6f8174a1ffce595c354643fcd06af6a286d8fbf2
152,0x75713e3d1a16cf652bcbac49272d8c0340a58daf
153,0xdc0ae06b82f04e5aa18fb9af274b731c12d7c188
154,0xd5d34deed1aa357898c96a7e26ad8d1d4bd6b5d6
155,0x59fee25dabb0134501136b1f0d6282192349b082
156,0x59fee25dabb0134501136b1f0d6282192349b082
157,0x45c1e95356c6831d9b278e82ac8ad45bbf917204
158,0x45c1e95356c6831d9b278e82ac8ad45bbf917204
159,0xdd1a06b918028cf0a28bd50d7c6fb64c727f9989
160,0xdd1a06b918028cf0a28bd50d7c6fb64c727f9989
161,0xdd1a06b918028cf0a28bd50d7c6fb64c727f9989
162,0x7a92881f55bf105ff5954a637a37f2f9a07dc5a0
163,0x59fee25dabb0134501136b1f0d6282192349b082
164,0x59fee25dabb0134501136b1f0d6282192349b082
165,0x59fee25dabb0134501136b1f0d6282192349b082
166,0x59fee25dabb0134501136b1f0d6282192349b082
167,0x8574126fe616abd87b9784da4eed5f2f426c4af5
168,0x58c707414ed0118ded60973344d1d0171b6713b1
169,0x58c707414ed0118ded60973344d1d0171b6713b1
170,0xb48cff77456f36942dd3d719b54da63f08a6f0c8
171,0x45c1e95356c6831d9b278e82ac8ad45bbf917204
172,0x0e1fdb3237506f48e9f841a4cb04b91a72c796cb
173,0x0e1fdb3237506f48e9f841a4cb04b91a72c796cb
174,0x7db68add175fe3e771e38630d2619c780c0fe552
175,0x62b5fa1185800372a09c30085b70e898cf93f4e5
176,0xf6cdb54eda741b25f585dd6e363989f45a489efa
177,0xaef0481d862cbfafa01b4a5590ab32f412c5f5e1
178,0x6f8174a1ffce595c354643fcd06af6a286d8fbf2
179,0x78e2615673910f811fe8fb45e97868bf1a954134
180,0x45c1e95356c6831d9b278e82ac8ad45bbf917204
181,0x45c1e95356c6831d9b278e82ac8ad45bbf917204
182,0x45c1e95356c6831d9b278e82ac8ad45bbf917204
183,0x5127252a8e16ef0d9ca021b131bdeab08c100f4c
184,0x1748662af545ccd6c614d244913c33b35f87f2d5
185,0x1748662af545ccd6c614d244913c33b35f87f2d5
186,0x8d496774450242eb1d28efaaa87d7a0c52035097
187,0x639fd00c8d1f73769da14f02dbfc9c2058ad1762
188,0x85c92f16e3e71e45c4b18bccb53f4398529f1fa6
189,0x92ccb92765ca0a49fa98091171027faa176f1b88
190,0x3fe07304e48b9936780fa65e9795e8f46b0ab75f
191,0x45c1e95356c6831d9b278e82ac8ad45bbf917204
192,0x7a92881f55bf105ff5954a637a37f2f9a07dc5a0
193,0x59fee25dabb0134501136b1f0d6282192349b082
194,0x59fee25dabb0134501136b1f0d6282192349b082
195,0x59fee25dabb0134501136b1f0d6282192349b082
196,0xbc5f248f85018b99354c87da40d4597180b031db
197,0xbc5f248f85018b99354c87da40d4597180b031db
198,0xf4baf3a5199d494fe5814cdbd52e3a36013bf51b
199,0xf4baf3a5199d494fe5814cdbd52e3a36013bf51b
200,0xbafe0d1f1b41f490a22bffb9f431e95b684fd99c
201,0x3fe07304e48b9936780fa65e9795e8f46b0ab75f
202,0x85c92f16e3e71e45c4b18bccb53f4398529f1fa6
203,0x85c92f16e3e71e45c4b18bccb53f4398529f1fa6
204,0x5127252a8e16ef0d9ca021b131bdeab08c100f4c
205,0x5127252a8e16ef0d9ca021b131bdeab08c100f4c
206,0xc2a0a840a94747aa52b4081cf95a767be4e18b0c
207,0x05743341ebbe4d8f9dc8fd5e0be4b5d86e34ade3
208,0x59fee25dabb0134501136b1f0d6282192349b082
209,0x85c92f16e3e71e45c4b18bccb53f4398529f1fa6
210,0x94e76a78e2fc631eddf1d2d43988c3987b41e835
211,0x94e76a78e2fc631eddf1d2d43988c3987b41e835
212,0x94e76a78e2fc631eddf1d2d43988c3987b41e835
213,0x80bb5095f7f0679e57f29bec2b9e045742c42e2d
214,0x59fee25dabb0134501136b1f0d6282192349b082
215,0x27c2976231151d30a672c87c14c2a67a619604ea
216,0xfa696f87ee1ba29482c2fe49ba076c3c36285a8d
217,0x6b2d559560b84023740e813541594f5caa612dbe
218,0x8e304289addd8d514123c25fbe09b8bb5e384287
219,0x8e304289addd8d514123c25fbe09b8bb5e384287
220,0x8e304289addd8d514123c25fbe09b8bb5e384287
221,0x75713e3d1a16cf652bcbac49272d8c0340a58daf
222,0x05743341ebbe4d8f9dc8fd5e0be4b5d86e34ade3
223,0x05743341ebbe4d8f9dc8fd5e0be4b5d86e34ade3
224,0xbafe0d1f1b41f490a22bffb9f431e95b684fd99c
225,0xbafe0d1f1b41f490a22bffb9f431e95b684fd99c
226,0xdc0d5d2db3bfb9a8da0b5697807cb5a0b7ea634a
227,0xdc0d5d2db3bfb9a8da0b5697807cb5a0b7ea634a
228,0x59fee25dabb0134501136b1f0d6282192349b082
229,0x59fee25dabb0134501136b1f0d6282192349b082
230,0x59fee25dabb0134501136b1f0d6282192349b082
231,0x9958fae54833b73f8b483ad79899e0e9d365cf50
232,0x27c2976231151d30a672c87c14c2a67a619604ea
233,0x57031432769bd20cef776a736b1f8ef84961765a
234,0xece76897aeabb903a0f452ebe8429b1124bc6cc4
235,0x24a2ffe22d8007674d0763dd148ab7d8ed77161e
236,0xb44f5118fd2e1c3dc865be5ad406c210e32881d5
237,0x45c1e95356c6831d9b278e82ac8ad45bbf917204
238,0x9958fae54833b73f8b483ad79899e0e9d365cf50
239,0x9958fae54833b73f8b483ad79899e0e9d365cf50
240,0xac81aea55ffac56a7ef4630ccea931d3165b8fd3
241,0x7db68add175fe3e771e38630d2619c780c0fe552
242,0x6f8174a1ffce595c354643fcd06af6a286d8fbf2
243,0xd11df32e37000433164da03380ceffed5336067c
244,0x62b5fa1185800372a09c30085b70e898cf93f4e5
245,0x24a2ffe22d8007674d0763dd148ab7d8ed77161e
246,0x24a2ffe22d8007674d0763dd148ab7d8ed77161e
247,0x9958fae54833b73f8b483ad79899e0e9d365cf50
248,0x9958fae54833b73f8b483ad79899e0e9d365cf50
249,0x0234257ffc249e377c941057e893e5df61a19130
250,0x76aafe87ad4ea51d9e788f9d243bdeb4b377a257
251,0x1beac49e1f207f23142ac0d6e96db642b2f64871
252,0x45c1e95356c6831d9b278e82ac8ad45bbf917204
253,0xbafe0d1f1b41f490a22bffb9f431e95b684fd99c
254,0xdd89d22d6121bae02d2880ae2cc90186bf94b1ee
255,0x1beac49e1f207f23142ac0d6e96db642b2f64871
256,0x1beac49e1f207f23142ac0d6e96db642b2f64871
257,0x1beac49e1f207f23142ac0d6e96db642b2f64871
258,0x7a92881f55bf105ff5954a637a37f2f9a07dc5a0
259,0x7a92881f55bf105ff5954a637a37f2f9a07dc5a0
260,0x7a92881f55bf105ff5954a637a37f2f9a07dc5a0
261,0x3b72e337ea7c5ab7aa34f27d2fa0a6542b95ba5c
262,0x9958fae54833b73f8b483ad79899e0e9d365cf50
263,0xaef0481d862cbfafa01b4a5590ab32f412c5f5e1
264,0x80bb5095f7f0679e57f29bec2b9e045742c42e2d
265,0x80bb5095f7f0679e57f29bec2b9e045742c42e2d
266,0x7db68add175fe3e771e38630d2619c780c0fe552
267,0x7db68add175fe3e771e38630d2619c780c0fe552
268,0x7db68add175fe3e771e38630d2619c780c0fe552
269,0x0e42d32dcc5b83a9bc74523af3b8c3a3b4cf107f
270,"surv.eth
(0xdbd0b8b6851ea7bea7b443f4d1bbdf0f2c524789) "
271,0x59fee25dabb0134501136b1f0d6282192349b082
272,0x59fee25dabb0134501136b1f0d6282192349b082
273,0x706829f74e6c3e000c3006607ca1aed15578ac4a
274,0x80bb5095f7f0679e57f29bec2b9e045742c42e2d
275,0x80bb5095f7f0679e57f29bec2b9e045742c42e2d
276,0x80bb5095f7f0679e57f29bec2b9e045742c42e2d
277,0x80bb5095f7f0679e57f29bec2b9e045742c42e2d
278,0x80bb5095f7f0679e57f29bec2b9e045742c42e2d
279,0x80bb5095f7f0679e57f29bec2b9e045742c42e2d
280,0x85c92f16e3e71e45c4b18bccb53f4398529f1fa6
281,0x80bb5095f7f0679e57f29bec2b9e045742c42e2d
282,0x80bb5095f7f0679e57f29bec2b9e045742c42e2d
283,0x80bb5095f7f0679e57f29bec2b9e045742c42e2d
284,0x80bb5095f7f0679e57f29bec2b9e045742c42e2d
285,0xdd89d22d6121bae02d2880ae2cc90186bf94b1ee
286,0xdd89d22d6121bae02d2880ae2cc90186bf94b1ee
287,0xf3c1ddb57295af28c0f7e758b537756d04425d0f
288,"chunkysoup.eth
(0x07eb3689951f15b498ee8d0faf8beca7ae1e29bc) "
289,0x0e42d32dcc5b83a9bc74523af3b8c3a3b4cf107f
290,0x17a4954cb8beb0e474be6e1b94c1aa5b1b1851cf
291,0xc35cc4b7838fdd82fb60cd392cd768f0fcc037f2
292,0x8e304289addd8d514123c25fbe09b8bb5e384287
293,0x82f20bffcd01bbde94eb56b4a4d27bf790efaa73
294,0xc53fc5e10868d60f9ba7c68e6e3a7fa4384e40a8
295,"surv.eth
(0xdbd0b8b6851ea7bea7b443f4d1bbdf0f2c524789) "
296,0x4d7642a7a767c0265a23b23a3663b44ed2a2b6ea
297,0x59fee25dabb0134501136b1f0d6282192349b082
298,0x59fee25dabb0134501136b1f0d6282192349b082
299,0x59fee25dabb0134501136b1f0d6282192349b082
300,0x59fee25dabb0134501136b1f0d6282192349b082
301,0x59fee25dabb0134501136b1f0d6282192349b082
302,0x59fee25dabb0134501136b1f0d6282192349b082
303,0xff24a0aeebcbd8a59bff2ac16a5326bee4b4b35f
304,0xff24a0aeebcbd8a59bff2ac16a5326bee4b4b35f
305,0xff24a0aeebcbd8a59bff2ac16a5326bee4b4b35f
306,0xff24a0aeebcbd8a59bff2ac16a5326bee4b4b35f
307,0xff24a0aeebcbd8a59bff2ac16a5326bee4b4b35f
308,0xb6d4d542f579dab546ad952f2b963c0c70e4f36f
309,0x0e42d32dcc5b83a9bc74523af3b8c3a3b4cf107f
310,0x59fee25dabb0134501136b1f0d6282192349b082
311,0x59fee25dabb0134501136b1f0d6282192349b082
312,0x59fee25dabb0134501136b1f0d6282192349b082
313,0xd11df32e37000433164da03380ceffed5336067c
314,0x59fee25dabb0134501136b1f0d6282192349b082
315,0x89a792a580b583486816eb254bcadddffcb24962
316,0xa0b5ed89fd8baad3e26e357f8da6c87e01425f21
317,0x89a792a580b583486816eb254bcadddffcb24962
318,0x6abb51df687c1258aed0b9613cd957dbc3e5f570
319,"chunkysoup.eth
(0x07eb3689951f15b498ee8d0faf8beca7ae1e29bc) "
320,"chunkysoup.eth
(0x07eb3689951f15b498ee8d0faf8beca7ae1e29bc) "
321,"chunkysoup.eth
(0x07eb3689951f15b498ee8d0faf8beca7ae1e29bc) "
322,"chunkysoup.eth
(0x07eb3689951f15b498ee8d0faf8beca7ae1e29bc) "
323,"chunkysoup.eth
(0x07eb3689951f15b498ee8d0faf8beca7ae1e29bc) "
324,0xcde993b6cc5cf39a3087fa166a81769f924146f6
325,"chunkysoup.eth
(0x07eb3689951f15b498ee8d0faf8beca7ae1e29bc) "
326,0xff24a0aeebcbd8a59bff2ac16a5326bee4b4b35f
327,0xfbac8b339338791cfc73e79a34b8b30199db545d
