0,0x5ce678be89f07a44fa96fc0b9405d5e927fc0df5
1,0x5ce678be89f07a44fa96fc0b9405d5e927fc0df5
2,0x5ce678be89f07a44fa96fc0b9405d5e927fc0df5
3,0x5ce678be89f07a44fa96fc0b9405d5e927fc0df5
4,0x5ce678be89f07a44fa96fc0b9405d5e927fc0df5
5,0x5ce678be89f07a44fa96fc0b9405d5e927fc0df5
6,0x5ce678be89f07a44fa96fc0b9405d5e927fc0df5
7,0x5ce678be89f07a44fa96fc0b9405d5e927fc0df5
8,0x3c9a6e436dcfdfdaf31e53e0b3681119008b8433
9,0x7e8951742b9816ce0a8b365eca053ba991186a58
10,0x7e5a7bb8755927dacf69fd15dd9821c14cd0ac57
11,0x7e5a7bb8755927dacf69fd15dd9821c14cd0ac57
12,0x7e5a7bb8755927dacf69fd15dd9821c14cd0ac57
13,0x7e5a7bb8755927dacf69fd15dd9821c14cd0ac57
14,0xa443efbde3d91b5ef2a5b49a8ce8440e367bd848
15,0x5ce678be89f07a44fa96fc0b9405d5e927fc0df5
16,0xd71a272b1022c4fa58c4fa3b9a9440973be9df6e
17,0xd71a272b1022c4fa58c4fa3b9a9440973be9df6e
18,0x3a6c32e09354cf1b0bdb55f0701c671d39fcb015
19,0xf23a87fb7f7b8fc9d60db2a26751a27b7c23367e
20,0xf23a87fb7f7b8fc9d60db2a26751a27b7c23367e
21,0xf23a87fb7f7b8fc9d60db2a26751a27b7c23367e
22,0xfc2755e9829520665f592ed1ddca87be6793d2ec
23,0xbf6bb44054eb99c84a869581aa7bdf0995f164d0
24,0xbf6bb44054eb99c84a869581aa7bdf0995f164d0
25,0xbf6bb44054eb99c84a869581aa7bdf0995f164d0
26,0xbf6bb44054eb99c84a869581aa7bdf0995f164d0
27,0x9f8483c3b7bcaa0feb19fea61aa60605a8752f87
28,0xd3e4e0af2eb675a860fe8bb6be16c1deadb3a228
29,0xc14aa5dfa22b112326829b15979856fa77f48e04
30,0xc14aa5dfa22b112326829b15979856fa77f48e04
31,0xc14aa5dfa22b112326829b15979856fa77f48e04
32,0xc14aa5dfa22b112326829b15979856fa77f48e04
33,0xc14aa5dfa22b112326829b15979856fa77f48e04
34,0x64349e42e5fffb06b623c3b6757ad2bec3876c1a
35,0x80a066bb82ea07e0a8c243257a86a9aa50adba9d
