0,0x07486ae6bfd5b5137ff94fb4666694ad268d4f45
1,0xf72900cd85a6c75e45b980c794db346a17065ebf
2,0x07486ae6bfd5b5137ff94fb4666694ad268d4f45
3,0x07486ae6bfd5b5137ff94fb4666694ad268d4f45
4,0x07486ae6bfd5b5137ff94fb4666694ad268d4f45
5,0x07486ae6bfd5b5137ff94fb4666694ad268d4f45
6,0xf72900cd85a6c75e45b980c794db346a17065ebf
7,0x07486ae6bfd5b5137ff94fb4666694ad268d4f45
8,0x07486ae6bfd5b5137ff94fb4666694ad268d4f45
9,0x07486ae6bfd5b5137ff94fb4666694ad268d4f45
10,0xf72900cd85a6c75e45b980c794db346a17065ebf
11,0xf72900cd85a6c75e45b980c794db346a17065ebf
12,0xf72900cd85a6c75e45b980c794db346a17065ebf
13,0x3254911960fde450cb2d434c1892f34ce473982a
14,0x257905f9376c1a5346ebb893f4ece2274b05fb4f
15,0x711a963ba12ee6d5f71c3b0db63170818816e683
16,0x3254911960fde450cb2d434c1892f34ce473982a
17,0xc95ed3844cfc92e68ab7b0cd72e832a3f6eb0259
18,0xf2352784b20a2ce4b0245219c6f1d7ec76b81f76
19,0x3254911960fde450cb2d434c1892f34ce473982a
20,0x711a963ba12ee6d5f71c3b0db63170818816e683
21,0x75b0fce7785ddb2942c105f9f05fae1353674603
22,0xc95ed3844cfc92e68ab7b0cd72e832a3f6eb0259
23,0x998a1519d6d7f4d69ccdf496756c9d2ad160d88a
24,0xf4a0558003612c7e01efb98a24fef38219a04419
25,0x257905f9376c1a5346ebb893f4ece2274b05fb4f
26,0xd646982089831a323228bf105965a23817d28308
27,0xf4a0558003612c7e01efb98a24fef38219a04419
28,0x75b0fce7785ddb2942c105f9f05fae1353674603
29,0x899d99b7631a12e13092134e373a9d9394747ac2
30,0x998a1519d6d7f4d69ccdf496756c9d2ad160d88a
31,0x75b0fce7785ddb2942c105f9f05fae1353674603
32,0x8a88da39ec2c1e54471d44d168032308bd4c3f4a
33,0x998a1519d6d7f4d69ccdf496756c9d2ad160d88a
34,0xbe4161b2dfb172604cfbd9940a1c9de75b9116f7
35,0xbe4161b2dfb172604cfbd9940a1c9de75b9116f7
36,0xbe4161b2dfb172604cfbd9940a1c9de75b9116f7
37,0xbe4161b2dfb172604cfbd9940a1c9de75b9116f7
38,0xbe4161b2dfb172604cfbd9940a1c9de75b9116f7
39,0x590e83bc5b8efd1330f871d1b35fdf272ee36436
40,0x590e83bc5b8efd1330f871d1b35fdf272ee36436
41,0x590e83bc5b8efd1330f871d1b35fdf272ee36436
42,0x07486ae6bfd5b5137ff94fb4666694ad268d4f45
43,0xf72900cd85a6c75e45b980c794db346a17065ebf
44,0xf72900cd85a6c75e45b980c794db346a17065ebf
45,0xb7f6814a432e30bccb784dab53ab8adaffee461f
46,0x909b71b4b6e9ae6926f224872c659803f34da069
47,0x24cace107f3c11092175274ccc1ac2a99817e1ce
48,0x1d89b885d09c07c8f9446a277d82b6b75a343a47
49,0x7501ea097576f64f16419d05945cad379664d957
50,0xe41ff6374b87524ae6637da0c3218565debd9f77
51,0xe41ff6374b87524ae6637da0c3218565debd9f77
52,"huanxiong.eth
(0xce6364c714bfdf453f01b0a5e6eba500392976ff) "
53,0x5c39958b9165489f2fe3d524b519181cc22af408
54,0x765fdcbaa945c2f73dae083770dd0aedfa386d5a
55,0xf72900cd85a6c75e45b980c794db346a17065ebf
56,0xe2e59591590f892e4d6a9745558898ae1b6a2221
57,0xe2e59591590f892e4d6a9745558898ae1b6a2221
58,0xffe9fe5aab8d80538e4eb675842c9997187129d8
59,0x011b0475f9c0b489e5de1aa65223441bf3d2c3c3
60,0x011b0475f9c0b489e5de1aa65223441bf3d2c3c3
61,0x2c13b7149877313d59a1b8f662cc51b927ecd166
62,0x765fdcbaa945c2f73dae083770dd0aedfa386d5a
63,0x71f81b9d56d119329a229837d707f9efc8eea2e4
64,0x71f81b9d56d119329a229837d707f9efc8eea2e4
65,0x765fdcbaa945c2f73dae083770dd0aedfa386d5a
66,0x2f2ef3ceef3f5f2f5942ed368870590104938e84
67,0x2f2ef3ceef3f5f2f5942ed368870590104938e84
68,0x48d34645cb818fab80a223745b2294c5e216ff6b
69,0x48d34645cb818fab80a223745b2294c5e216ff6b
70,0x48d34645cb818fab80a223745b2294c5e216ff6b
71,0x48d34645cb818fab80a223745b2294c5e216ff6b
72,0xecf54a5717d0d9b3a0c0b47eafb881b5d09cf8d6
73,0x428eaa38621a7fb4102e6494054c344e4099cb9b
74,0x428eaa38621a7fb4102e6494054c344e4099cb9b
75,0x428eaa38621a7fb4102e6494054c344e4099cb9b
76,0x428eaa38621a7fb4102e6494054c344e4099cb9b
77,0x428eaa38621a7fb4102e6494054c344e4099cb9b
