0,0x6efd5665ab4b345a7ebe63c679b651f375dddb7e
1,0x6efd5665ab4b345a7ebe63c679b651f375dddb7e
2,0x6efd5665ab4b345a7ebe63c679b651f375dddb7e
3,0x6efd5665ab4b345a7ebe63c679b651f375dddb7e
4,0x6efd5665ab4b345a7ebe63c679b651f375dddb7e
5,0x6efd5665ab4b345a7ebe63c679b651f375dddb7e
6,0x6efd5665ab4b345a7ebe63c679b651f375dddb7e
7,0x6efd5665ab4b345a7ebe63c679b651f375dddb7e
8,0x6efd5665ab4b345a7ebe63c679b651f375dddb7e
9,0x6efd5665ab4b345a7ebe63c679b651f375dddb7e
10,0x6efd5665ab4b345a7ebe63c679b651f375dddb7e
11,0x6efd5665ab4b345a7ebe63c679b651f375dddb7e
12,0x6efd5665ab4b345a7ebe63c679b651f375dddb7e
13,0x6efd5665ab4b345a7ebe63c679b651f375dddb7e
14,0x6efd5665ab4b345a7ebe63c679b651f375dddb7e
15,0x6efd5665ab4b345a7ebe63c679b651f375dddb7e
16,0x6efd5665ab4b345a7ebe63c679b651f375dddb7e
17,0x6efd5665ab4b345a7ebe63c679b651f375dddb7e
18,0x6efd5665ab4b345a7ebe63c679b651f375dddb7e
19,0x6efd5665ab4b345a7ebe63c679b651f375dddb7e
20,0x6efd5665ab4b345a7ebe63c679b651f375dddb7e
21,0x6efd5665ab4b345a7ebe63c679b651f375dddb7e
22,0x6efd5665ab4b345a7ebe63c679b651f375dddb7e
23,0x6efd5665ab4b345a7ebe63c679b651f375dddb7e
24,0x6efd5665ab4b345a7ebe63c679b651f375dddb7e
25,0x6efd5665ab4b345a7ebe63c679b651f375dddb7e
26,0x6efd5665ab4b345a7ebe63c679b651f375dddb7e
27,0x6efd5665ab4b345a7ebe63c679b651f375dddb7e
28,0x6efd5665ab4b345a7ebe63c679b651f375dddb7e
29,0x6efd5665ab4b345a7ebe63c679b651f375dddb7e
30,0x6efd5665ab4b345a7ebe63c679b651f375dddb7e
31,0x6efd5665ab4b345a7ebe63c679b651f375dddb7e
32,0x6efd5665ab4b345a7ebe63c679b651f375dddb7e
33,0x6efd5665ab4b345a7ebe63c679b651f375dddb7e
34,0x6efd5665ab4b345a7ebe63c679b651f375dddb7e
35,0x6efd5665ab4b345a7ebe63c679b651f375dddb7e
36,0x6efd5665ab4b345a7ebe63c679b651f375dddb7e
37,0x6efd5665ab4b345a7ebe63c679b651f375dddb7e
38,0x6efd5665ab4b345a7ebe63c679b651f375dddb7e
39,0x6efd5665ab4b345a7ebe63c679b651f375dddb7e
40,0x6efd5665ab4b345a7ebe63c679b651f375dddb7e
41,0x6efd5665ab4b345a7ebe63c679b651f375dddb7e
42,0x6efd5665ab4b345a7ebe63c679b651f375dddb7e
43,0x6efd5665ab4b345a7ebe63c679b651f375dddb7e
44,0x6efd5665ab4b345a7ebe63c679b651f375dddb7e
45,0x6efd5665ab4b345a7ebe63c679b651f375dddb7e
46,0x6efd5665ab4b345a7ebe63c679b651f375dddb7e
47,0x6efd5665ab4b345a7ebe63c679b651f375dddb7e
48,0x6efd5665ab4b345a7ebe63c679b651f375dddb7e
49,0x6efd5665ab4b345a7ebe63c679b651f375dddb7e
50,0x6efd5665ab4b345a7ebe63c679b651f375dddb7e
51,0x6efd5665ab4b345a7ebe63c679b651f375dddb7e
52,0x6efd5665ab4b345a7ebe63c679b651f375dddb7e
53,0x6efd5665ab4b345a7ebe63c679b651f375dddb7e
54,0x6efd5665ab4b345a7ebe63c679b651f375dddb7e
55,0x6efd5665ab4b345a7ebe63c679b651f375dddb7e
56,0x6efd5665ab4b345a7ebe63c679b651f375dddb7e
57,0x6efd5665ab4b345a7ebe63c679b651f375dddb7e
58,0x6efd5665ab4b345a7ebe63c679b651f375dddb7e
59,0x6efd5665ab4b345a7ebe63c679b651f375dddb7e
60,0x6efd5665ab4b345a7ebe63c679b651f375dddb7e
61,0x6efd5665ab4b345a7ebe63c679b651f375dddb7e
62,0x6efd5665ab4b345a7ebe63c679b651f375dddb7e
63,0x6efd5665ab4b345a7ebe63c679b651f375dddb7e
64,0x6efd5665ab4b345a7ebe63c679b651f375dddb7e
65,0x6efd5665ab4b345a7ebe63c679b651f375dddb7e
66,0x6efd5665ab4b345a7ebe63c679b651f375dddb7e
67,0x6efd5665ab4b345a7ebe63c679b651f375dddb7e
68,0x6efd5665ab4b345a7ebe63c679b651f375dddb7e
69,0x6efd5665ab4b345a7ebe63c679b651f375dddb7e
70,0x6efd5665ab4b345a7ebe63c679b651f375dddb7e
71,0x6efd5665ab4b345a7ebe63c679b651f375dddb7e
72,0x6efd5665ab4b345a7ebe63c679b651f375dddb7e
73,0x6efd5665ab4b345a7ebe63c679b651f375dddb7e
74,0x6efd5665ab4b345a7ebe63c679b651f375dddb7e
75,0x6efd5665ab4b345a7ebe63c679b651f375dddb7e
76,0x6efd5665ab4b345a7ebe63c679b651f375dddb7e
77,0x6efd5665ab4b345a7ebe63c679b651f375dddb7e
78,0x6efd5665ab4b345a7ebe63c679b651f375dddb7e
79,0x6efd5665ab4b345a7ebe63c679b651f375dddb7e
80,0x6efd5665ab4b345a7ebe63c679b651f375dddb7e
81,0x6efd5665ab4b345a7ebe63c679b651f375dddb7e
82,0x6efd5665ab4b345a7ebe63c679b651f375dddb7e
83,0x6efd5665ab4b345a7ebe63c679b651f375dddb7e
84,0x6efd5665ab4b345a7ebe63c679b651f375dddb7e
85,0x6efd5665ab4b345a7ebe63c679b651f375dddb7e
86,0x6efd5665ab4b345a7ebe63c679b651f375dddb7e
87,0x6efd5665ab4b345a7ebe63c679b651f375dddb7e
88,0x6efd5665ab4b345a7ebe63c679b651f375dddb7e
89,0x6efd5665ab4b345a7ebe63c679b651f375dddb7e
90,0x6efd5665ab4b345a7ebe63c679b651f375dddb7e
91,0x6efd5665ab4b345a7ebe63c679b651f375dddb7e
92,0x6efd5665ab4b345a7ebe63c679b651f375dddb7e
93,0x6efd5665ab4b345a7ebe63c679b651f375dddb7e
94,0x6efd5665ab4b345a7ebe63c679b651f375dddb7e
95,0x6efd5665ab4b345a7ebe63c679b651f375dddb7e
96,0x6efd5665ab4b345a7ebe63c679b651f375dddb7e
97,0x6efd5665ab4b345a7ebe63c679b651f375dddb7e
98,0x6efd5665ab4b345a7ebe63c679b651f375dddb7e
99,0x6efd5665ab4b345a7ebe63c679b651f375dddb7e
100,0x6efd5665ab4b345a7ebe63c679b651f375dddb7e
101,0x6efd5665ab4b345a7ebe63c679b651f375dddb7e
102,0x6efd5665ab4b345a7ebe63c679b651f375dddb7e
103,0x6efd5665ab4b345a7ebe63c679b651f375dddb7e
104,0x6efd5665ab4b345a7ebe63c679b651f375dddb7e
105,0x6efd5665ab4b345a7ebe63c679b651f375dddb7e
106,0x6efd5665ab4b345a7ebe63c679b651f375dddb7e
107,0x6efd5665ab4b345a7ebe63c679b651f375dddb7e
108,0x6efd5665ab4b345a7ebe63c679b651f375dddb7e
109,0x6efd5665ab4b345a7ebe63c679b651f375dddb7e
110,0x6efd5665ab4b345a7ebe63c679b651f375dddb7e
111,0x6efd5665ab4b345a7ebe63c679b651f375dddb7e
112,0x6efd5665ab4b345a7ebe63c679b651f375dddb7e
113,0x6efd5665ab4b345a7ebe63c679b651f375dddb7e
114,0x6efd5665ab4b345a7ebe63c679b651f375dddb7e
115,0x6efd5665ab4b345a7ebe63c679b651f375dddb7e
116,0x6efd5665ab4b345a7ebe63c679b651f375dddb7e
117,0x6efd5665ab4b345a7ebe63c679b651f375dddb7e
118,0x6efd5665ab4b345a7ebe63c679b651f375dddb7e
119,0x6efd5665ab4b345a7ebe63c679b651f375dddb7e
120,0x6efd5665ab4b345a7ebe63c679b651f375dddb7e
121,0x6efd5665ab4b345a7ebe63c679b651f375dddb7e
122,0x6efd5665ab4b345a7ebe63c679b651f375dddb7e
123,0x6efd5665ab4b345a7ebe63c679b651f375dddb7e
124,0x6efd5665ab4b345a7ebe63c679b651f375dddb7e
125,0x6efd5665ab4b345a7ebe63c679b651f375dddb7e
126,0x6efd5665ab4b345a7ebe63c679b651f375dddb7e
127,0x6efd5665ab4b345a7ebe63c679b651f375dddb7e
128,0x6efd5665ab4b345a7ebe63c679b651f375dddb7e
129,0x6efd5665ab4b345a7ebe63c679b651f375dddb7e
130,0x6efd5665ab4b345a7ebe63c679b651f375dddb7e
131,0x6efd5665ab4b345a7ebe63c679b651f375dddb7e
132,0x6efd5665ab4b345a7ebe63c679b651f375dddb7e
133,0x6efd5665ab4b345a7ebe63c679b651f375dddb7e
134,0x6efd5665ab4b345a7ebe63c679b651f375dddb7e
135,0x6efd5665ab4b345a7ebe63c679b651f375dddb7e
136,0x6efd5665ab4b345a7ebe63c679b651f375dddb7e
137,0x6efd5665ab4b345a7ebe63c679b651f375dddb7e
138,0x6efd5665ab4b345a7ebe63c679b651f375dddb7e
139,0x6efd5665ab4b345a7ebe63c679b651f375dddb7e
140,0x6efd5665ab4b345a7ebe63c679b651f375dddb7e
141,0x6efd5665ab4b345a7ebe63c679b651f375dddb7e
142,0x6efd5665ab4b345a7ebe63c679b651f375dddb7e
143,0x6efd5665ab4b345a7ebe63c679b651f375dddb7e
144,0x6efd5665ab4b345a7ebe63c679b651f375dddb7e
145,0x6efd5665ab4b345a7ebe63c679b651f375dddb7e
146,0x6efd5665ab4b345a7ebe63c679b651f375dddb7e
147,0x6efd5665ab4b345a7ebe63c679b651f375dddb7e
148,0x6efd5665ab4b345a7ebe63c679b651f375dddb7e
149,0x6efd5665ab4b345a7ebe63c679b651f375dddb7e
150,0x6efd5665ab4b345a7ebe63c679b651f375dddb7e
151,0x6efd5665ab4b345a7ebe63c679b651f375dddb7e
152,0x6efd5665ab4b345a7ebe63c679b651f375dddb7e
153,0x6efd5665ab4b345a7ebe63c679b651f375dddb7e
154,0x6efd5665ab4b345a7ebe63c679b651f375dddb7e
155,0x6efd5665ab4b345a7ebe63c679b651f375dddb7e
156,0x6efd5665ab4b345a7ebe63c679b651f375dddb7e
157,0x6efd5665ab4b345a7ebe63c679b651f375dddb7e
158,0x6efd5665ab4b345a7ebe63c679b651f375dddb7e
159,0x6efd5665ab4b345a7ebe63c679b651f375dddb7e
160,0x6efd5665ab4b345a7ebe63c679b651f375dddb7e
161,0x6efd5665ab4b345a7ebe63c679b651f375dddb7e
162,0x6efd5665ab4b345a7ebe63c679b651f375dddb7e
163,0x6efd5665ab4b345a7ebe63c679b651f375dddb7e
164,0x6efd5665ab4b345a7ebe63c679b651f375dddb7e
165,0x6efd5665ab4b345a7ebe63c679b651f375dddb7e
166,0x6efd5665ab4b345a7ebe63c679b651f375dddb7e
167,0x6efd5665ab4b345a7ebe63c679b651f375dddb7e
168,0x6efd5665ab4b345a7ebe63c679b651f375dddb7e
169,0x6efd5665ab4b345a7ebe63c679b651f375dddb7e
170,0x6efd5665ab4b345a7ebe63c679b651f375dddb7e
171,0x6efd5665ab4b345a7ebe63c679b651f375dddb7e
172,0x6efd5665ab4b345a7ebe63c679b651f375dddb7e
173,0x6efd5665ab4b345a7ebe63c679b651f375dddb7e
174,0x6efd5665ab4b345a7ebe63c679b651f375dddb7e
175,0x6efd5665ab4b345a7ebe63c679b651f375dddb7e
176,0x6efd5665ab4b345a7ebe63c679b651f375dddb7e
177,0x6efd5665ab4b345a7ebe63c679b651f375dddb7e
178,0x6efd5665ab4b345a7ebe63c679b651f375dddb7e
179,0x6efd5665ab4b345a7ebe63c679b651f375dddb7e
180,0x6efd5665ab4b345a7ebe63c679b651f375dddb7e
181,0x6efd5665ab4b345a7ebe63c679b651f375dddb7e
182,0x6efd5665ab4b345a7ebe63c679b651f375dddb7e
183,0x6efd5665ab4b345a7ebe63c679b651f375dddb7e
184,0x6efd5665ab4b345a7ebe63c679b651f375dddb7e
185,0x6efd5665ab4b345a7ebe63c679b651f375dddb7e
186,0x6efd5665ab4b345a7ebe63c679b651f375dddb7e
187,0x6efd5665ab4b345a7ebe63c679b651f375dddb7e
188,0x6efd5665ab4b345a7ebe63c679b651f375dddb7e
189,0x6efd5665ab4b345a7ebe63c679b651f375dddb7e
190,0x6efd5665ab4b345a7ebe63c679b651f375dddb7e
191,0x6efd5665ab4b345a7ebe63c679b651f375dddb7e
192,0x6efd5665ab4b345a7ebe63c679b651f375dddb7e
193,0x6efd5665ab4b345a7ebe63c679b651f375dddb7e
194,0x6efd5665ab4b345a7ebe63c679b651f375dddb7e
195,0x6efd5665ab4b345a7ebe63c679b651f375dddb7e
196,0x6efd5665ab4b345a7ebe63c679b651f375dddb7e
197,0x6efd5665ab4b345a7ebe63c679b651f375dddb7e
198,0x6efd5665ab4b345a7ebe63c679b651f375dddb7e
199,0x6efd5665ab4b345a7ebe63c679b651f375dddb7e
200,0x6efd5665ab4b345a7ebe63c679b651f375dddb7e
201,0x6efd5665ab4b345a7ebe63c679b651f375dddb7e
202,0x6efd5665ab4b345a7ebe63c679b651f375dddb7e
203,0x6efd5665ab4b345a7ebe63c679b651f375dddb7e
204,0x6efd5665ab4b345a7ebe63c679b651f375dddb7e
205,0x6efd5665ab4b345a7ebe63c679b651f375dddb7e
206,0x6efd5665ab4b345a7ebe63c679b651f375dddb7e
207,0x6efd5665ab4b345a7ebe63c679b651f375dddb7e
208,0x6efd5665ab4b345a7ebe63c679b651f375dddb7e
209,0x6efd5665ab4b345a7ebe63c679b651f375dddb7e
210,0x6efd5665ab4b345a7ebe63c679b651f375dddb7e
211,0x6efd5665ab4b345a7ebe63c679b651f375dddb7e
212,0x6efd5665ab4b345a7ebe63c679b651f375dddb7e
213,0x6efd5665ab4b345a7ebe63c679b651f375dddb7e
214,0x6efd5665ab4b345a7ebe63c679b651f375dddb7e
215,0x6efd5665ab4b345a7ebe63c679b651f375dddb7e
216,0x6efd5665ab4b345a7ebe63c679b651f375dddb7e
217,0x6efd5665ab4b345a7ebe63c679b651f375dddb7e
218,0x6efd5665ab4b345a7ebe63c679b651f375dddb7e
219,0x6efd5665ab4b345a7ebe63c679b651f375dddb7e
220,0x6efd5665ab4b345a7ebe63c679b651f375dddb7e
221,0x6efd5665ab4b345a7ebe63c679b651f375dddb7e
222,0x6efd5665ab4b345a7ebe63c679b651f375dddb7e
223,0x6efd5665ab4b345a7ebe63c679b651f375dddb7e
224,0x6efd5665ab4b345a7ebe63c679b651f375dddb7e
225,0x6efd5665ab4b345a7ebe63c679b651f375dddb7e
226,0x6efd5665ab4b345a7ebe63c679b651f375dddb7e
227,0x6efd5665ab4b345a7ebe63c679b651f375dddb7e
228,0x6efd5665ab4b345a7ebe63c679b651f375dddb7e
229,0x6efd5665ab4b345a7ebe63c679b651f375dddb7e
230,0x6efd5665ab4b345a7ebe63c679b651f375dddb7e
231,0x6efd5665ab4b345a7ebe63c679b651f375dddb7e
232,0x6efd5665ab4b345a7ebe63c679b651f375dddb7e
233,0x6efd5665ab4b345a7ebe63c679b651f375dddb7e
234,0x6efd5665ab4b345a7ebe63c679b651f375dddb7e
235,0x6efd5665ab4b345a7ebe63c679b651f375dddb7e
236,0x6efd5665ab4b345a7ebe63c679b651f375dddb7e
237,0x6efd5665ab4b345a7ebe63c679b651f375dddb7e
238,0x6efd5665ab4b345a7ebe63c679b651f375dddb7e
239,0x6efd5665ab4b345a7ebe63c679b651f375dddb7e
240,0x6efd5665ab4b345a7ebe63c679b651f375dddb7e
241,0x6efd5665ab4b345a7ebe63c679b651f375dddb7e
242,0x6efd5665ab4b345a7ebe63c679b651f375dddb7e
243,0x6efd5665ab4b345a7ebe63c679b651f375dddb7e
244,0x6efd5665ab4b345a7ebe63c679b651f375dddb7e
245,0x6efd5665ab4b345a7ebe63c679b651f375dddb7e
246,0x6efd5665ab4b345a7ebe63c679b651f375dddb7e
247,0x6efd5665ab4b345a7ebe63c679b651f375dddb7e
248,0x6efd5665ab4b345a7ebe63c679b651f375dddb7e
249,0x6efd5665ab4b345a7ebe63c679b651f375dddb7e
250,0x6efd5665ab4b345a7ebe63c679b651f375dddb7e
251,0x6efd5665ab4b345a7ebe63c679b651f375dddb7e
252,0x6efd5665ab4b345a7ebe63c679b651f375dddb7e
253,0x6efd5665ab4b345a7ebe63c679b651f375dddb7e
254,0x6efd5665ab4b345a7ebe63c679b651f375dddb7e
255,0x6efd5665ab4b345a7ebe63c679b651f375dddb7e
256,0x6efd5665ab4b345a7ebe63c679b651f375dddb7e
257,0x6efd5665ab4b345a7ebe63c679b651f375dddb7e
258,0x6efd5665ab4b345a7ebe63c679b651f375dddb7e
259,0x6efd5665ab4b345a7ebe63c679b651f375dddb7e
260,0x6efd5665ab4b345a7ebe63c679b651f375dddb7e
261,0x6efd5665ab4b345a7ebe63c679b651f375dddb7e
262,0x6efd5665ab4b345a7ebe63c679b651f375dddb7e
263,0x6efd5665ab4b345a7ebe63c679b651f375dddb7e
264,0x6efd5665ab4b345a7ebe63c679b651f375dddb7e
265,0x6efd5665ab4b345a7ebe63c679b651f375dddb7e
266,0x6efd5665ab4b345a7ebe63c679b651f375dddb7e
267,0x6efd5665ab4b345a7ebe63c679b651f375dddb7e
268,0x6efd5665ab4b345a7ebe63c679b651f375dddb7e
269,0x6efd5665ab4b345a7ebe63c679b651f375dddb7e
270,0x6efd5665ab4b345a7ebe63c679b651f375dddb7e
271,0x6efd5665ab4b345a7ebe63c679b651f375dddb7e
272,0x6efd5665ab4b345a7ebe63c679b651f375dddb7e
273,0x6efd5665ab4b345a7ebe63c679b651f375dddb7e
274,0x6efd5665ab4b345a7ebe63c679b651f375dddb7e
275,0x6efd5665ab4b345a7ebe63c679b651f375dddb7e
276,0x6efd5665ab4b345a7ebe63c679b651f375dddb7e
277,0x6efd5665ab4b345a7ebe63c679b651f375dddb7e
278,0x6efd5665ab4b345a7ebe63c679b651f375dddb7e
279,0x6efd5665ab4b345a7ebe63c679b651f375dddb7e
280,0x6efd5665ab4b345a7ebe63c679b651f375dddb7e
281,0x6efd5665ab4b345a7ebe63c679b651f375dddb7e
282,0x6efd5665ab4b345a7ebe63c679b651f375dddb7e
283,0x6efd5665ab4b345a7ebe63c679b651f375dddb7e
284,0x6efd5665ab4b345a7ebe63c679b651f375dddb7e
285,0x6efd5665ab4b345a7ebe63c679b651f375dddb7e
286,0x6efd5665ab4b345a7ebe63c679b651f375dddb7e
287,0x6efd5665ab4b345a7ebe63c679b651f375dddb7e
288,0x6efd5665ab4b345a7ebe63c679b651f375dddb7e
289,0x6efd5665ab4b345a7ebe63c679b651f375dddb7e
290,0x6efd5665ab4b345a7ebe63c679b651f375dddb7e
291,0x6efd5665ab4b345a7ebe63c679b651f375dddb7e
292,0x6efd5665ab4b345a7ebe63c679b651f375dddb7e
293,0x6efd5665ab4b345a7ebe63c679b651f375dddb7e
294,0x6efd5665ab4b345a7ebe63c679b651f375dddb7e
295,0x6efd5665ab4b345a7ebe63c679b651f375dddb7e
296,0x6efd5665ab4b345a7ebe63c679b651f375dddb7e
297,0x6efd5665ab4b345a7ebe63c679b651f375dddb7e
298,0x6efd5665ab4b345a7ebe63c679b651f375dddb7e
299,0x6efd5665ab4b345a7ebe63c679b651f375dddb7e
300,0x6efd5665ab4b345a7ebe63c679b651f375dddb7e
301,0x6efd5665ab4b345a7ebe63c679b651f375dddb7e
302,0x6efd5665ab4b345a7ebe63c679b651f375dddb7e
303,0x6efd5665ab4b345a7ebe63c679b651f375dddb7e
304,0x6efd5665ab4b345a7ebe63c679b651f375dddb7e
305,0x6efd5665ab4b345a7ebe63c679b651f375dddb7e
306,0x6efd5665ab4b345a7ebe63c679b651f375dddb7e
307,0x6efd5665ab4b345a7ebe63c679b651f375dddb7e
308,0x6efd5665ab4b345a7ebe63c679b651f375dddb7e
309,0x6efd5665ab4b345a7ebe63c679b651f375dddb7e
