0,0x1d7ff9b938fe2384ece2c206242c8c8b19dff43b
1,0x1d7ff9b938fe2384ece2c206242c8c8b19dff43b
2,0x1d7ff9b938fe2384ece2c206242c8c8b19dff43b
3,0x1d7ff9b938fe2384ece2c206242c8c8b19dff43b
4,0x1d7ff9b938fe2384ece2c206242c8c8b19dff43b
5,0x1d7ff9b938fe2384ece2c206242c8c8b19dff43b
6,0x1d7ff9b938fe2384ece2c206242c8c8b19dff43b
7,0x1d7ff9b938fe2384ece2c206242c8c8b19dff43b
8,0x1d7ff9b938fe2384ece2c206242c8c8b19dff43b
9,0x1d7ff9b938fe2384ece2c206242c8c8b19dff43b
10,0x4c08759ddfe450d1ce1fc2567a93e2ec1d5132d4
11,0x4c08759ddfe450d1ce1fc2567a93e2ec1d5132d4
12,0x4c08759ddfe450d1ce1fc2567a93e2ec1d5132d4
13,0x1d7ff9b938fe2384ece2c206242c8c8b19dff43b
14,0x1d7ff9b938fe2384ece2c206242c8c8b19dff43b
15,0x1d7ff9b938fe2384ece2c206242c8c8b19dff43b
16,0x1d7ff9b938fe2384ece2c206242c8c8b19dff43b
17,0xa1d3f4a102d746258ac84031384af3db322d6bd4
18,0x1e14b6a483ea930534487a419cb818aa68058c2e
19,0x1d7ff9b938fe2384ece2c206242c8c8b19dff43b
20,0x1d7ff9b938fe2384ece2c206242c8c8b19dff43b
21,0x1d7ff9b938fe2384ece2c206242c8c8b19dff43b
22,0x1d7ff9b938fe2384ece2c206242c8c8b19dff43b
23,0x1d7ff9b938fe2384ece2c206242c8c8b19dff43b
24,0x1d7ff9b938fe2384ece2c206242c8c8b19dff43b
25,0x1d7ff9b938fe2384ece2c206242c8c8b19dff43b
26,0x1d7ff9b938fe2384ece2c206242c8c8b19dff43b
27,0x1d7ff9b938fe2384ece2c206242c8c8b19dff43b
28,0x01d3953cf42bc950c32f70ae3813cc7538a0bbda
29,0x1d7ff9b938fe2384ece2c206242c8c8b19dff43b
30,0x1d7ff9b938fe2384ece2c206242c8c8b19dff43b
31,0x1d7ff9b938fe2384ece2c206242c8c8b19dff43b
32,0x361f3b6aad2fff08ca8a1c987ab720f2022542a4
33,0x01d3953cf42bc950c32f70ae3813cc7538a0bbda
34,0x361f3b6aad2fff08ca8a1c987ab720f2022542a4
35,0x361f3b6aad2fff08ca8a1c987ab720f2022542a4
36,0x361f3b6aad2fff08ca8a1c987ab720f2022542a4
37,0x361f3b6aad2fff08ca8a1c987ab720f2022542a4
38,0x5412bbb23d633391e89ad38bfa6b213bca52add0
39,0x5412bbb23d633391e89ad38bfa6b213bca52add0
40,0x361f3b6aad2fff08ca8a1c987ab720f2022542a4
41,0x4c08759ddfe450d1ce1fc2567a93e2ec1d5132d4
42,0x4c08759ddfe450d1ce1fc2567a93e2ec1d5132d4
43,0x4c08759ddfe450d1ce1fc2567a93e2ec1d5132d4
44,0x4c08759ddfe450d1ce1fc2567a93e2ec1d5132d4
45,0x361f3b6aad2fff08ca8a1c987ab720f2022542a4
46,0xd20b95c8990c98d1e33f0b32f9072073b105a469
47,0x0603b450f9345f78ecb6e63b8f9f9bf3e59a350a
48,0x14521ce5069430bd12246474deb0914ad7a4d36a
49,0x14521ce5069430bd12246474deb0914ad7a4d36a
50,0x14521ce5069430bd12246474deb0914ad7a4d36a
51,0x14521ce5069430bd12246474deb0914ad7a4d36a
52,0x1d7ff9b938fe2384ece2c206242c8c8b19dff43b
53,0x1d7ff9b938fe2384ece2c206242c8c8b19dff43b
54,0x1d7ff9b938fe2384ece2c206242c8c8b19dff43b
55,0x0dd11a2a3040f93ff7c6e1c54d1ece72c46ebdd2
56,0x03a047aa73849d9df88f9dc316daf18d4ec8bd46
57,0xb8f9667fa3e1707b52007fecfd26cd573304675f
58,0x304f5b720aaf196f8c748cc7dacc048809fbf58a
59,0x91682df92be1f8614a278739d849a75b97146a54
60,0x91682df92be1f8614a278739d849a75b97146a54
61,0xd964e3d327b46f2ba8f02d36118b020be335eade
62,0xd20b95c8990c98d1e33f0b32f9072073b105a469
63,0x46c4181d60f790e3389bc6ac81e2367d92ce6849
64,0x1d7ff9b938fe2384ece2c206242c8c8b19dff43b
65,0xb68453a8706353d382cbc9ba5b161833165342ba
66,0xb68453a8706353d382cbc9ba5b161833165342ba
67,0x91682df92be1f8614a278739d849a75b97146a54
68,0x14521ce5069430bd12246474deb0914ad7a4d36a
69,0x14521ce5069430bd12246474deb0914ad7a4d36a
70,0x14521ce5069430bd12246474deb0914ad7a4d36a
71,0x14521ce5069430bd12246474deb0914ad7a4d36a
72,0x14521ce5069430bd12246474deb0914ad7a4d36a
73,0x14521ce5069430bd12246474deb0914ad7a4d36a
74,0x14521ce5069430bd12246474deb0914ad7a4d36a
75,0x14521ce5069430bd12246474deb0914ad7a4d36a
76,0x14521ce5069430bd12246474deb0914ad7a4d36a
77,0x14521ce5069430bd12246474deb0914ad7a4d36a
78,0x14521ce5069430bd12246474deb0914ad7a4d36a
79,0x4c08759ddfe450d1ce1fc2567a93e2ec1d5132d4
80,0x4c08759ddfe450d1ce1fc2567a93e2ec1d5132d4
81,0x4c08759ddfe450d1ce1fc2567a93e2ec1d5132d4
82,0x1d7ff9b938fe2384ece2c206242c8c8b19dff43b
83,0x1d7ff9b938fe2384ece2c206242c8c8b19dff43b
84,0x46c4181d60f790e3389bc6ac81e2367d92ce6849
85,0x46c4181d60f790e3389bc6ac81e2367d92ce6849
86,0x1d7ff9b938fe2384ece2c206242c8c8b19dff43b
87,0x46c4181d60f790e3389bc6ac81e2367d92ce6849
88,0x46c4181d60f790e3389bc6ac81e2367d92ce6849
89,0x51f262c83a527c97b2b063c45ac16c0db22ddb34
90,0x4c08759ddfe450d1ce1fc2567a93e2ec1d5132d4
91,0x6237c3e5a234596dc5704ae3940a0929a03a2935
92,0x1123ab58e71da80ca5d49b85cad1a332b64afb51
93,0x1123ab58e71da80ca5d49b85cad1a332b64afb51
94,0x1123ab58e71da80ca5d49b85cad1a332b64afb51
95,"HunterCoinWallet
(0x3d52ec6bcf8449470caf03fb3f10abde3c1398ff)"
96,0x46c4181d60f790e3389bc6ac81e2367d92ce6849
97,0xd20b95c8990c98d1e33f0b32f9072073b105a469
98,0x01d3953cf42bc950c32f70ae3813cc7538a0bbda
99,0x03a047aa73849d9df88f9dc316daf18d4ec8bd46
100,0x1d7ff9b938fe2384ece2c206242c8c8b19dff43b
101,0x6237c3e5a234596dc5704ae3940a0929a03a2935
102,0x6237c3e5a234596dc5704ae3940a0929a03a2935
103,0x6237c3e5a234596dc5704ae3940a0929a03a2935
104,0x6237c3e5a234596dc5704ae3940a0929a03a2935
105,0x6237c3e5a234596dc5704ae3940a0929a03a2935
106,0x6237c3e5a234596dc5704ae3940a0929a03a2935
107,0x1d7ff9b938fe2384ece2c206242c8c8b19dff43b
108,0x1d7ff9b938fe2384ece2c206242c8c8b19dff43b
109,0xd20b95c8990c98d1e33f0b32f9072073b105a469
110,0x91682df92be1f8614a278739d849a75b97146a54
111,0x91682df92be1f8614a278739d849a75b97146a54
112,0x91682df92be1f8614a278739d849a75b97146a54
113,0x6237c3e5a234596dc5704ae3940a0929a03a2935
114,0x4e548d871352cc54651638926fcf6670de4a2166
115,0x0603b450f9345f78ecb6e63b8f9f9bf3e59a350a
116,0x0603b450f9345f78ecb6e63b8f9f9bf3e59a350a
117,0x0603b450f9345f78ecb6e63b8f9f9bf3e59a350a
118,0x0603b450f9345f78ecb6e63b8f9f9bf3e59a350a
119,0x0603b450f9345f78ecb6e63b8f9f9bf3e59a350a
120,0x0603b450f9345f78ecb6e63b8f9f9bf3e59a350a
121,0x0603b450f9345f78ecb6e63b8f9f9bf3e59a350a
122,0x6237c3e5a234596dc5704ae3940a0929a03a2935
123,0x0603b450f9345f78ecb6e63b8f9f9bf3e59a350a
124,0x0603b450f9345f78ecb6e63b8f9f9bf3e59a350a
125,0x0603b450f9345f78ecb6e63b8f9f9bf3e59a350a
126,0x1d7ff9b938fe2384ece2c206242c8c8b19dff43b
127,0x1d7ff9b938fe2384ece2c206242c8c8b19dff43b
128,0xa33fee0b2d1d0bec13dbb2a65b0c6b3605e43b60
129,0xa33fee0b2d1d0bec13dbb2a65b0c6b3605e43b60
130,0xa33fee0b2d1d0bec13dbb2a65b0c6b3605e43b60
131,0x1d7ff9b938fe2384ece2c206242c8c8b19dff43b
132,0x4c08759ddfe450d1ce1fc2567a93e2ec1d5132d4
133,0x4c08759ddfe450d1ce1fc2567a93e2ec1d5132d4
134,0xfcf18ff0da68d44e4a1a73d1f0d071c45380de2e
135,0x1d7ff9b938fe2384ece2c206242c8c8b19dff43b
136,0x4e548d871352cc54651638926fcf6670de4a2166
137,0x4e548d871352cc54651638926fcf6670de4a2166
138,0x4e548d871352cc54651638926fcf6670de4a2166
139,0x4e548d871352cc54651638926fcf6670de4a2166
140,0x4e548d871352cc54651638926fcf6670de4a2166
141,0x1d7ff9b938fe2384ece2c206242c8c8b19dff43b
142,0xed95d487bd117dd371266c66e2185e8f4a5fb051
143,0x1d7ff9b938fe2384ece2c206242c8c8b19dff43b
144,0x1d7ff9b938fe2384ece2c206242c8c8b19dff43b
145,0x1d7ff9b938fe2384ece2c206242c8c8b19dff43b
146,0x1d7ff9b938fe2384ece2c206242c8c8b19dff43b
147,0x1d7ff9b938fe2384ece2c206242c8c8b19dff43b
148,0x81a6fda7c56d2837577e6e98825263e8cef2c327
149,0x6897c35aaa2569e98337f4e70906372e9ee1f40d
150,0x1d7ff9b938fe2384ece2c206242c8c8b19dff43b
151,0x881ab9d0afbfdc1a25dd709c565438f807df95bb
152,0x881ab9d0afbfdc1a25dd709c565438f807df95bb
153,0x1123ab58e71da80ca5d49b85cad1a332b64afb51
154,0x1d7ff9b938fe2384ece2c206242c8c8b19dff43b
155,0x1d7ff9b938fe2384ece2c206242c8c8b19dff43b
156,0x1d7ff9b938fe2384ece2c206242c8c8b19dff43b
157,0xb68453a8706353d382cbc9ba5b161833165342ba
158,0x650d7913a9840987d80b5e8646f8ef9f82cf30e5
159,0xa33fee0b2d1d0bec13dbb2a65b0c6b3605e43b60
160,0xa33fee0b2d1d0bec13dbb2a65b0c6b3605e43b60
161,0xa33fee0b2d1d0bec13dbb2a65b0c6b3605e43b60
162,0xa33fee0b2d1d0bec13dbb2a65b0c6b3605e43b60
163,0xb68453a8706353d382cbc9ba5b161833165342ba
164,0xa33fee0b2d1d0bec13dbb2a65b0c6b3605e43b60
165,0xa33fee0b2d1d0bec13dbb2a65b0c6b3605e43b60
166,0xf997856f39171f248f42328d2ce4447e54660ff6
167,0x650d7913a9840987d80b5e8646f8ef9f82cf30e5
168,0xba200b4a2b9b907f352886f528428fb7d2e706bf
169,0xba200b4a2b9b907f352886f528428fb7d2e706bf
170,0xba200b4a2b9b907f352886f528428fb7d2e706bf
171,0x2f4baf608e2cf46b79031c605c2a2f0760b2fec3
172,0x1d7ff9b938fe2384ece2c206242c8c8b19dff43b
173,0x6e6ddde24c79e94633cacaa442faddcd41af31bd
174,0xd20b95c8990c98d1e33f0b32f9072073b105a469
175,0x1123ab58e71da80ca5d49b85cad1a332b64afb51
176,0x1123ab58e71da80ca5d49b85cad1a332b64afb51
177,0x1123ab58e71da80ca5d49b85cad1a332b64afb51
178,0x1123ab58e71da80ca5d49b85cad1a332b64afb51
179,0xba200b4a2b9b907f352886f528428fb7d2e706bf
180,0x1d7ff9b938fe2384ece2c206242c8c8b19dff43b
181,0x1d7ff9b938fe2384ece2c206242c8c8b19dff43b
182,0x1d7ff9b938fe2384ece2c206242c8c8b19dff43b
183,0x1d7ff9b938fe2384ece2c206242c8c8b19dff43b
184,0x1d7ff9b938fe2384ece2c206242c8c8b19dff43b
185,0x1d7ff9b938fe2384ece2c206242c8c8b19dff43b
186,0x1d7ff9b938fe2384ece2c206242c8c8b19dff43b
187,0x91682df92be1f8614a278739d849a75b97146a54
188,0x1d7ff9b938fe2384ece2c206242c8c8b19dff43b
189,0x1d7ff9b938fe2384ece2c206242c8c8b19dff43b
190,0x91682df92be1f8614a278739d849a75b97146a54
191,0x1d7ff9b938fe2384ece2c206242c8c8b19dff43b
192,0x51f262c83a527c97b2b063c45ac16c0db22ddb34
193,0x4c08759ddfe450d1ce1fc2567a93e2ec1d5132d4
194,0xf04ef4e9afd89be623e393a822c461f403e13b6c
195,0x4c08759ddfe450d1ce1fc2567a93e2ec1d5132d4
196,0xf04ef4e9afd89be623e393a822c461f403e13b6c
197,0x1d7ff9b938fe2384ece2c206242c8c8b19dff43b
198,0x4c08759ddfe450d1ce1fc2567a93e2ec1d5132d4
199,0xf469dd6fd23b361b9a16020f0945f4a3eaeb9971
200,0x7871e650bd7edf71a5fa2b21c95c9714745ab6b9
201,0x7871e650bd7edf71a5fa2b21c95c9714745ab6b9
202,0x7871e650bd7edf71a5fa2b21c95c9714745ab6b9
203,0x1d7ff9b938fe2384ece2c206242c8c8b19dff43b
204,0x8960b68f5a403febf0743752f911ef124fa5b76a
205,0x099d6d7054353017fbd8ca7ab453bb1bb659be24
206,0x1d7ff9b938fe2384ece2c206242c8c8b19dff43b
207,0x4b940b4a7a9f73d6bf883dce46dc056b13a91c04
208,0x0603b450f9345f78ecb6e63b8f9f9bf3e59a350a
209,0x361f3b6aad2fff08ca8a1c987ab720f2022542a4
210,0x1d7ff9b938fe2384ece2c206242c8c8b19dff43b
211,0x1d7ff9b938fe2384ece2c206242c8c8b19dff43b
212,0x91682df92be1f8614a278739d849a75b97146a54
213,0x91682df92be1f8614a278739d849a75b97146a54
214,0x4c08759ddfe450d1ce1fc2567a93e2ec1d5132d4
215,0x4c08759ddfe450d1ce1fc2567a93e2ec1d5132d4
216,0xf04ef4e9afd89be623e393a822c461f403e13b6c
217,0x964a16f10fc74c5e2f45c0c6791089bbc38d4cc7
218,0x964a16f10fc74c5e2f45c0c6791089bbc38d4cc7
219,0x964a16f10fc74c5e2f45c0c6791089bbc38d4cc7
220,0x8811d0ef9f39fe7150c024270e12d3fe10593b63
221,0x4c08759ddfe450d1ce1fc2567a93e2ec1d5132d4
222,0xed95d487bd117dd371266c66e2185e8f4a5fb051
223,0x91682df92be1f8614a278739d849a75b97146a54
224,0x91682df92be1f8614a278739d849a75b97146a54
225,0x91682df92be1f8614a278739d849a75b97146a54
226,0xb19f55e2c1a1627656afafccc794ccba02167356
227,0xb19f55e2c1a1627656afafccc794ccba02167356
228,0xb19f55e2c1a1627656afafccc794ccba02167356
229,0xbe90c105a4482958cdcc0f2922eee85e3904c2d4
230,0x4191877b867c69d602ed20b42ea46de4eacfceac
231,0x4191877b867c69d602ed20b42ea46de4eacfceac
232,0x4191877b867c69d602ed20b42ea46de4eacfceac
233,0x4191877b867c69d602ed20b42ea46de4eacfceac
234,0x4191877b867c69d602ed20b42ea46de4eacfceac
235,0x4191877b867c69d602ed20b42ea46de4eacfceac
236,0x3dba1f9f053aea37f86c434f98c74b902d16c5d9
237,0x1d7ff9b938fe2384ece2c206242c8c8b19dff43b
238,0x1d7ff9b938fe2384ece2c206242c8c8b19dff43b
239,0x1d7ff9b938fe2384ece2c206242c8c8b19dff43b
240,0x1d7ff9b938fe2384ece2c206242c8c8b19dff43b
241,0x1d7ff9b938fe2384ece2c206242c8c8b19dff43b
242,0x1d7ff9b938fe2384ece2c206242c8c8b19dff43b
243,0x1d7ff9b938fe2384ece2c206242c8c8b19dff43b
244,0x1d7ff9b938fe2384ece2c206242c8c8b19dff43b
245,0x1d7ff9b938fe2384ece2c206242c8c8b19dff43b
246,0x1d7ff9b938fe2384ece2c206242c8c8b19dff43b
247,0x1d7ff9b938fe2384ece2c206242c8c8b19dff43b
248,0x1d7ff9b938fe2384ece2c206242c8c8b19dff43b
249,0x1d7ff9b938fe2384ece2c206242c8c8b19dff43b
250,0x1d7ff9b938fe2384ece2c206242c8c8b19dff43b
251,0x1d7ff9b938fe2384ece2c206242c8c8b19dff43b
252,0x1d7ff9b938fe2384ece2c206242c8c8b19dff43b
253,0x1d7ff9b938fe2384ece2c206242c8c8b19dff43b
254,0x1d7ff9b938fe2384ece2c206242c8c8b19dff43b
255,0x1d7ff9b938fe2384ece2c206242c8c8b19dff43b
256,0x1d7ff9b938fe2384ece2c206242c8c8b19dff43b
257,0x1d7ff9b938fe2384ece2c206242c8c8b19dff43b
258,0x1d7ff9b938fe2384ece2c206242c8c8b19dff43b
259,0x1d7ff9b938fe2384ece2c206242c8c8b19dff43b
260,0x1d7ff9b938fe2384ece2c206242c8c8b19dff43b
261,0x1d7ff9b938fe2384ece2c206242c8c8b19dff43b
262,0x1d7ff9b938fe2384ece2c206242c8c8b19dff43b
263,0x1d7ff9b938fe2384ece2c206242c8c8b19dff43b
264,0x1d7ff9b938fe2384ece2c206242c8c8b19dff43b
265,0x1d7ff9b938fe2384ece2c206242c8c8b19dff43b
266,0x1d7ff9b938fe2384ece2c206242c8c8b19dff43b
267,0x1d7ff9b938fe2384ece2c206242c8c8b19dff43b
268,0x1d7ff9b938fe2384ece2c206242c8c8b19dff43b
269,0x1d7ff9b938fe2384ece2c206242c8c8b19dff43b
270,0x1d7ff9b938fe2384ece2c206242c8c8b19dff43b
271,0x1d7ff9b938fe2384ece2c206242c8c8b19dff43b
272,0x1d7ff9b938fe2384ece2c206242c8c8b19dff43b
273,0x1d7ff9b938fe2384ece2c206242c8c8b19dff43b
274,0x1d7ff9b938fe2384ece2c206242c8c8b19dff43b
275,0x1d7ff9b938fe2384ece2c206242c8c8b19dff43b
276,0x1d7ff9b938fe2384ece2c206242c8c8b19dff43b
277,0x1d7ff9b938fe2384ece2c206242c8c8b19dff43b
278,0x1d7ff9b938fe2384ece2c206242c8c8b19dff43b
279,0x1d7ff9b938fe2384ece2c206242c8c8b19dff43b
280,0x1d7ff9b938fe2384ece2c206242c8c8b19dff43b
281,0x1d7ff9b938fe2384ece2c206242c8c8b19dff43b
282,0x1d7ff9b938fe2384ece2c206242c8c8b19dff43b
283,0x1d7ff9b938fe2384ece2c206242c8c8b19dff43b
284,0x1d7ff9b938fe2384ece2c206242c8c8b19dff43b
285,0x1d7ff9b938fe2384ece2c206242c8c8b19dff43b
286,0x1d7ff9b938fe2384ece2c206242c8c8b19dff43b
287,0x1d7ff9b938fe2384ece2c206242c8c8b19dff43b
288,0x1d7ff9b938fe2384ece2c206242c8c8b19dff43b
289,0x1d7ff9b938fe2384ece2c206242c8c8b19dff43b
290,0x1d7ff9b938fe2384ece2c206242c8c8b19dff43b
291,0x1d7ff9b938fe2384ece2c206242c8c8b19dff43b
292,0x1d7ff9b938fe2384ece2c206242c8c8b19dff43b
293,0x1d7ff9b938fe2384ece2c206242c8c8b19dff43b
294,0x1d7ff9b938fe2384ece2c206242c8c8b19dff43b
295,0x1d7ff9b938fe2384ece2c206242c8c8b19dff43b
296,0x1d7ff9b938fe2384ece2c206242c8c8b19dff43b
297,0x1d7ff9b938fe2384ece2c206242c8c8b19dff43b
298,0x1d7ff9b938fe2384ece2c206242c8c8b19dff43b
299,0x1d7ff9b938fe2384ece2c206242c8c8b19dff43b
300,0x1d7ff9b938fe2384ece2c206242c8c8b19dff43b
301,0x1d7ff9b938fe2384ece2c206242c8c8b19dff43b
302,0x1d7ff9b938fe2384ece2c206242c8c8b19dff43b
303,0x1d7ff9b938fe2384ece2c206242c8c8b19dff43b
304,0x1d7ff9b938fe2384ece2c206242c8c8b19dff43b
305,0x1d7ff9b938fe2384ece2c206242c8c8b19dff43b
306,0x1d7ff9b938fe2384ece2c206242c8c8b19dff43b
307,0x1d7ff9b938fe2384ece2c206242c8c8b19dff43b
308,0x1d7ff9b938fe2384ece2c206242c8c8b19dff43b
309,0x1d7ff9b938fe2384ece2c206242c8c8b19dff43b
310,0x1d7ff9b938fe2384ece2c206242c8c8b19dff43b
311,0x1d7ff9b938fe2384ece2c206242c8c8b19dff43b
312,0x1d7ff9b938fe2384ece2c206242c8c8b19dff43b
313,0x1d7ff9b938fe2384ece2c206242c8c8b19dff43b
314,0x1d7ff9b938fe2384ece2c206242c8c8b19dff43b
315,0x1d7ff9b938fe2384ece2c206242c8c8b19dff43b
316,0x1d7ff9b938fe2384ece2c206242c8c8b19dff43b
