0,0x0db364e9f67be3166fe4dce5c1473d15345fe2bb
1,0x0db364e9f67be3166fe4dce5c1473d15345fe2bb
2,0x0db364e9f67be3166fe4dce5c1473d15345fe2bb
3,0x0db364e9f67be3166fe4dce5c1473d15345fe2bb
4,0x6358722db984a492ca85bdd79c9c605573adf3da
5,0x0db364e9f67be3166fe4dce5c1473d15345fe2bb
6,0x3f63782616e50820cc6a7d888ed2c0480d167db6
7,0x0db364e9f67be3166fe4dce5c1473d15345fe2bb
8,0x29c7ebbc1155f9f6f2a09eaa57aa768b8ceb2fea
9,0x29c7ebbc1155f9f6f2a09eaa57aa768b8ceb2fea
10,0x29c7ebbc1155f9f6f2a09eaa57aa768b8ceb2fea
11,0x29c7ebbc1155f9f6f2a09eaa57aa768b8ceb2fea
12,0x29c7ebbc1155f9f6f2a09eaa57aa768b8ceb2fea
13,0x0db364e9f67be3166fe4dce5c1473d15345fe2bb
14,0x29c7ebbc1155f9f6f2a09eaa57aa768b8ceb2fea
15,0x29c7ebbc1155f9f6f2a09eaa57aa768b8ceb2fea
16,0x29c7ebbc1155f9f6f2a09eaa57aa768b8ceb2fea
17,0x29c7ebbc1155f9f6f2a09eaa57aa768b8ceb2fea
18,0x29c7ebbc1155f9f6f2a09eaa57aa768b8ceb2fea
19,0x29c7ebbc1155f9f6f2a09eaa57aa768b8ceb2fea
20,0x29c7ebbc1155f9f6f2a09eaa57aa768b8ceb2fea
21,0x29c7ebbc1155f9f6f2a09eaa57aa768b8ceb2fea
22,0x29c7ebbc1155f9f6f2a09eaa57aa768b8ceb2fea
23,0x29c7ebbc1155f9f6f2a09eaa57aa768b8ceb2fea
24,0x29c7ebbc1155f9f6f2a09eaa57aa768b8ceb2fea
25,0x29c7ebbc1155f9f6f2a09eaa57aa768b8ceb2fea
26,0x29c7ebbc1155f9f6f2a09eaa57aa768b8ceb2fea
27,0x29c7ebbc1155f9f6f2a09eaa57aa768b8ceb2fea
28,0x29c7ebbc1155f9f6f2a09eaa57aa768b8ceb2fea
29,0x29c7ebbc1155f9f6f2a09eaa57aa768b8ceb2fea
30,0x29c7ebbc1155f9f6f2a09eaa57aa768b8ceb2fea
31,0x29c7ebbc1155f9f6f2a09eaa57aa768b8ceb2fea
32,0x29c7ebbc1155f9f6f2a09eaa57aa768b8ceb2fea
33,0x29c7ebbc1155f9f6f2a09eaa57aa768b8ceb2fea
34,0x29c7ebbc1155f9f6f2a09eaa57aa768b8ceb2fea
35,0x29c7ebbc1155f9f6f2a09eaa57aa768b8ceb2fea
36,0x29c7ebbc1155f9f6f2a09eaa57aa768b8ceb2fea
37,0x29c7ebbc1155f9f6f2a09eaa57aa768b8ceb2fea
38,0x29c7ebbc1155f9f6f2a09eaa57aa768b8ceb2fea
39,0x29c7ebbc1155f9f6f2a09eaa57aa768b8ceb2fea
40,0x29c7ebbc1155f9f6f2a09eaa57aa768b8ceb2fea
41,0x29c7ebbc1155f9f6f2a09eaa57aa768b8ceb2fea
42,0x29c7ebbc1155f9f6f2a09eaa57aa768b8ceb2fea
43,0x29c7ebbc1155f9f6f2a09eaa57aa768b8ceb2fea
44,0x29c7ebbc1155f9f6f2a09eaa57aa768b8ceb2fea
45,0x29c7ebbc1155f9f6f2a09eaa57aa768b8ceb2fea
46,0x29c7ebbc1155f9f6f2a09eaa57aa768b8ceb2fea
47,0x29c7ebbc1155f9f6f2a09eaa57aa768b8ceb2fea
48,0x29c7ebbc1155f9f6f2a09eaa57aa768b8ceb2fea
49,0x29c7ebbc1155f9f6f2a09eaa57aa768b8ceb2fea
50,0x0db364e9f67be3166fe4dce5c1473d15345fe2bb
51,0x0db364e9f67be3166fe4dce5c1473d15345fe2bb
52,0x29c7ebbc1155f9f6f2a09eaa57aa768b8ceb2fea
53,0x29c7ebbc1155f9f6f2a09eaa57aa768b8ceb2fea
54,0x29c7ebbc1155f9f6f2a09eaa57aa768b8ceb2fea
55,0x29c7ebbc1155f9f6f2a09eaa57aa768b8ceb2fea
56,0x29c7ebbc1155f9f6f2a09eaa57aa768b8ceb2fea
57,0x29c7ebbc1155f9f6f2a09eaa57aa768b8ceb2fea
58,0x29c7ebbc1155f9f6f2a09eaa57aa768b8ceb2fea
59,0x29c7ebbc1155f9f6f2a09eaa57aa768b8ceb2fea
60,0x29c7ebbc1155f9f6f2a09eaa57aa768b8ceb2fea
61,0x29c7ebbc1155f9f6f2a09eaa57aa768b8ceb2fea
62,0x29c7ebbc1155f9f6f2a09eaa57aa768b8ceb2fea
63,0x29c7ebbc1155f9f6f2a09eaa57aa768b8ceb2fea
64,0x29c7ebbc1155f9f6f2a09eaa57aa768b8ceb2fea
65,0x29c7ebbc1155f9f6f2a09eaa57aa768b8ceb2fea
66,0x29c7ebbc1155f9f6f2a09eaa57aa768b8ceb2fea
67,0x29c7ebbc1155f9f6f2a09eaa57aa768b8ceb2fea
68,0x29c7ebbc1155f9f6f2a09eaa57aa768b8ceb2fea
69,0x29c7ebbc1155f9f6f2a09eaa57aa768b8ceb2fea
70,0x29c7ebbc1155f9f6f2a09eaa57aa768b8ceb2fea
71,0x29c7ebbc1155f9f6f2a09eaa57aa768b8ceb2fea
72,0x29c7ebbc1155f9f6f2a09eaa57aa768b8ceb2fea
73,0x29c7ebbc1155f9f6f2a09eaa57aa768b8ceb2fea
74,0x29c7ebbc1155f9f6f2a09eaa57aa768b8ceb2fea
75,0x29c7ebbc1155f9f6f2a09eaa57aa768b8ceb2fea
76,0x29c7ebbc1155f9f6f2a09eaa57aa768b8ceb2fea
77,0x29c7ebbc1155f9f6f2a09eaa57aa768b8ceb2fea
78,0x29c7ebbc1155f9f6f2a09eaa57aa768b8ceb2fea
79,0x29c7ebbc1155f9f6f2a09eaa57aa768b8ceb2fea
80,0x29c7ebbc1155f9f6f2a09eaa57aa768b8ceb2fea
81,0x29c7ebbc1155f9f6f2a09eaa57aa768b8ceb2fea
82,0x29c7ebbc1155f9f6f2a09eaa57aa768b8ceb2fea
83,0x29c7ebbc1155f9f6f2a09eaa57aa768b8ceb2fea
84,0x29c7ebbc1155f9f6f2a09eaa57aa768b8ceb2fea
85,0x29c7ebbc1155f9f6f2a09eaa57aa768b8ceb2fea
86,0x29c7ebbc1155f9f6f2a09eaa57aa768b8ceb2fea
87,0x29c7ebbc1155f9f6f2a09eaa57aa768b8ceb2fea
88,0x29c7ebbc1155f9f6f2a09eaa57aa768b8ceb2fea
89,0x29c7ebbc1155f9f6f2a09eaa57aa768b8ceb2fea
90,0x29c7ebbc1155f9f6f2a09eaa57aa768b8ceb2fea
91,0x29c7ebbc1155f9f6f2a09eaa57aa768b8ceb2fea
92,0x29c7ebbc1155f9f6f2a09eaa57aa768b8ceb2fea
93,0x29c7ebbc1155f9f6f2a09eaa57aa768b8ceb2fea
94,0x29c7ebbc1155f9f6f2a09eaa57aa768b8ceb2fea
95,0x29c7ebbc1155f9f6f2a09eaa57aa768b8ceb2fea
96,0x29c7ebbc1155f9f6f2a09eaa57aa768b8ceb2fea
97,0x29c7ebbc1155f9f6f2a09eaa57aa768b8ceb2fea
98,0x29c7ebbc1155f9f6f2a09eaa57aa768b8ceb2fea
99,0x29c7ebbc1155f9f6f2a09eaa57aa768b8ceb2fea
100,0x29c7ebbc1155f9f6f2a09eaa57aa768b8ceb2fea
101,0x29c7ebbc1155f9f6f2a09eaa57aa768b8ceb2fea
102,0x29c7ebbc1155f9f6f2a09eaa57aa768b8ceb2fea
103,0x29c7ebbc1155f9f6f2a09eaa57aa768b8ceb2fea
104,0x29c7ebbc1155f9f6f2a09eaa57aa768b8ceb2fea
105,0x29c7ebbc1155f9f6f2a09eaa57aa768b8ceb2fea
106,0x29c7ebbc1155f9f6f2a09eaa57aa768b8ceb2fea
107,0x29c7ebbc1155f9f6f2a09eaa57aa768b8ceb2fea
108,0x29c7ebbc1155f9f6f2a09eaa57aa768b8ceb2fea
109,0x29c7ebbc1155f9f6f2a09eaa57aa768b8ceb2fea
110,0x29c7ebbc1155f9f6f2a09eaa57aa768b8ceb2fea
111,0x29c7ebbc1155f9f6f2a09eaa57aa768b8ceb2fea
112,0x29c7ebbc1155f9f6f2a09eaa57aa768b8ceb2fea
113,0x29c7ebbc1155f9f6f2a09eaa57aa768b8ceb2fea
114,0x29c7ebbc1155f9f6f2a09eaa57aa768b8ceb2fea
115,0x29c7ebbc1155f9f6f2a09eaa57aa768b8ceb2fea
116,0x29c7ebbc1155f9f6f2a09eaa57aa768b8ceb2fea
117,0x29c7ebbc1155f9f6f2a09eaa57aa768b8ceb2fea
118,0x29c7ebbc1155f9f6f2a09eaa57aa768b8ceb2fea
119,0x29c7ebbc1155f9f6f2a09eaa57aa768b8ceb2fea
120,0x29c7ebbc1155f9f6f2a09eaa57aa768b8ceb2fea
121,0x29c7ebbc1155f9f6f2a09eaa57aa768b8ceb2fea
122,0x29c7ebbc1155f9f6f2a09eaa57aa768b8ceb2fea
123,0x29c7ebbc1155f9f6f2a09eaa57aa768b8ceb2fea
124,0x29c7ebbc1155f9f6f2a09eaa57aa768b8ceb2fea
125,0x29c7ebbc1155f9f6f2a09eaa57aa768b8ceb2fea
126,0x29c7ebbc1155f9f6f2a09eaa57aa768b8ceb2fea
127,0x29c7ebbc1155f9f6f2a09eaa57aa768b8ceb2fea
128,0x29c7ebbc1155f9f6f2a09eaa57aa768b8ceb2fea
129,0x29c7ebbc1155f9f6f2a09eaa57aa768b8ceb2fea
130,0x29c7ebbc1155f9f6f2a09eaa57aa768b8ceb2fea
131,0x29c7ebbc1155f9f6f2a09eaa57aa768b8ceb2fea
132,0x29c7ebbc1155f9f6f2a09eaa57aa768b8ceb2fea
133,0x29c7ebbc1155f9f6f2a09eaa57aa768b8ceb2fea
134,0x29c7ebbc1155f9f6f2a09eaa57aa768b8ceb2fea
135,0x29c7ebbc1155f9f6f2a09eaa57aa768b8ceb2fea
136,0x29c7ebbc1155f9f6f2a09eaa57aa768b8ceb2fea
137,0x29c7ebbc1155f9f6f2a09eaa57aa768b8ceb2fea
138,0x29c7ebbc1155f9f6f2a09eaa57aa768b8ceb2fea
139,0x29c7ebbc1155f9f6f2a09eaa57aa768b8ceb2fea
140,0x29c7ebbc1155f9f6f2a09eaa57aa768b8ceb2fea
141,0x29c7ebbc1155f9f6f2a09eaa57aa768b8ceb2fea
142,0x29c7ebbc1155f9f6f2a09eaa57aa768b8ceb2fea
143,0x29c7ebbc1155f9f6f2a09eaa57aa768b8ceb2fea
144,0x29c7ebbc1155f9f6f2a09eaa57aa768b8ceb2fea
145,0x29c7ebbc1155f9f6f2a09eaa57aa768b8ceb2fea
146,0x29c7ebbc1155f9f6f2a09eaa57aa768b8ceb2fea
147,0x29c7ebbc1155f9f6f2a09eaa57aa768b8ceb2fea
148,0x29c7ebbc1155f9f6f2a09eaa57aa768b8ceb2fea
149,0x29c7ebbc1155f9f6f2a09eaa57aa768b8ceb2fea
150,0x29c7ebbc1155f9f6f2a09eaa57aa768b8ceb2fea
151,0x29c7ebbc1155f9f6f2a09eaa57aa768b8ceb2fea
152,0x29c7ebbc1155f9f6f2a09eaa57aa768b8ceb2fea
153,0x29c7ebbc1155f9f6f2a09eaa57aa768b8ceb2fea
154,0x29c7ebbc1155f9f6f2a09eaa57aa768b8ceb2fea
155,0x29c7ebbc1155f9f6f2a09eaa57aa768b8ceb2fea
156,0x29c7ebbc1155f9f6f2a09eaa57aa768b8ceb2fea
157,0x29c7ebbc1155f9f6f2a09eaa57aa768b8ceb2fea
158,0x29c7ebbc1155f9f6f2a09eaa57aa768b8ceb2fea
159,0x29c7ebbc1155f9f6f2a09eaa57aa768b8ceb2fea
160,0x29c7ebbc1155f9f6f2a09eaa57aa768b8ceb2fea
161,0x29c7ebbc1155f9f6f2a09eaa57aa768b8ceb2fea
162,0x29c7ebbc1155f9f6f2a09eaa57aa768b8ceb2fea
163,0x29c7ebbc1155f9f6f2a09eaa57aa768b8ceb2fea
164,0x29c7ebbc1155f9f6f2a09eaa57aa768b8ceb2fea
165,0x29c7ebbc1155f9f6f2a09eaa57aa768b8ceb2fea
166,0x29c7ebbc1155f9f6f2a09eaa57aa768b8ceb2fea
167,0x29c7ebbc1155f9f6f2a09eaa57aa768b8ceb2fea
168,0x29c7ebbc1155f9f6f2a09eaa57aa768b8ceb2fea
169,0x29c7ebbc1155f9f6f2a09eaa57aa768b8ceb2fea
170,0x29c7ebbc1155f9f6f2a09eaa57aa768b8ceb2fea
171,0x29c7ebbc1155f9f6f2a09eaa57aa768b8ceb2fea
172,0x29c7ebbc1155f9f6f2a09eaa57aa768b8ceb2fea
173,0x29c7ebbc1155f9f6f2a09eaa57aa768b8ceb2fea
174,0x29c7ebbc1155f9f6f2a09eaa57aa768b8ceb2fea
175,0x29c7ebbc1155f9f6f2a09eaa57aa768b8ceb2fea
176,0x29c7ebbc1155f9f6f2a09eaa57aa768b8ceb2fea
177,0x29c7ebbc1155f9f6f2a09eaa57aa768b8ceb2fea
178,0x29c7ebbc1155f9f6f2a09eaa57aa768b8ceb2fea
179,0x29c7ebbc1155f9f6f2a09eaa57aa768b8ceb2fea
180,0x29c7ebbc1155f9f6f2a09eaa57aa768b8ceb2fea
181,"CoinExchange.io
(0x4b01721f0244e7c5b5f63c20942850e447f5a5ee)"
182,0x0b85e81af385a7079e40b75274154b70ab0b6065
183,0x3f63782616e50820cc6a7d888ed2c0480d167db6
184,0x3f63782616e50820cc6a7d888ed2c0480d167db6
185,0x0db364e9f67be3166fe4dce5c1473d15345fe2bb
186,0x0db364e9f67be3166fe4dce5c1473d15345fe2bb
187,0x19e3213332e2c53cda6bf2cc81148cb2434abcfc
188,0x19e3213332e2c53cda6bf2cc81148cb2434abcfc
189,0x19e3213332e2c53cda6bf2cc81148cb2434abcfc
190,0x29c7ebbc1155f9f6f2a09eaa57aa768b8ceb2fea
191,0x29c7ebbc1155f9f6f2a09eaa57aa768b8ceb2fea
192,0x29c7ebbc1155f9f6f2a09eaa57aa768b8ceb2fea
193,0x29c7ebbc1155f9f6f2a09eaa57aa768b8ceb2fea
194,0x29c7ebbc1155f9f6f2a09eaa57aa768b8ceb2fea
195,0x29c7ebbc1155f9f6f2a09eaa57aa768b8ceb2fea
196,0x29c7ebbc1155f9f6f2a09eaa57aa768b8ceb2fea
197,0x29c7ebbc1155f9f6f2a09eaa57aa768b8ceb2fea
198,0x29c7ebbc1155f9f6f2a09eaa57aa768b8ceb2fea
199,0x29c7ebbc1155f9f6f2a09eaa57aa768b8ceb2fea
200,0x29c7ebbc1155f9f6f2a09eaa57aa768b8ceb2fea
201,0x29c7ebbc1155f9f6f2a09eaa57aa768b8ceb2fea
202,0x29c7ebbc1155f9f6f2a09eaa57aa768b8ceb2fea
203,0x29c7ebbc1155f9f6f2a09eaa57aa768b8ceb2fea
204,0x29c7ebbc1155f9f6f2a09eaa57aa768b8ceb2fea
205,0x29c7ebbc1155f9f6f2a09eaa57aa768b8ceb2fea
206,0x29c7ebbc1155f9f6f2a09eaa57aa768b8ceb2fea
207,0x29c7ebbc1155f9f6f2a09eaa57aa768b8ceb2fea
208,0x29c7ebbc1155f9f6f2a09eaa57aa768b8ceb2fea
209,0x29c7ebbc1155f9f6f2a09eaa57aa768b8ceb2fea
210,0x29c7ebbc1155f9f6f2a09eaa57aa768b8ceb2fea
211,0x29c7ebbc1155f9f6f2a09eaa57aa768b8ceb2fea
212,0x29c7ebbc1155f9f6f2a09eaa57aa768b8ceb2fea
213,0x29c7ebbc1155f9f6f2a09eaa57aa768b8ceb2fea
214,0x29c7ebbc1155f9f6f2a09eaa57aa768b8ceb2fea
215,0x29c7ebbc1155f9f6f2a09eaa57aa768b8ceb2fea
216,0x29c7ebbc1155f9f6f2a09eaa57aa768b8ceb2fea
217,0x29c7ebbc1155f9f6f2a09eaa57aa768b8ceb2fea
218,0x29c7ebbc1155f9f6f2a09eaa57aa768b8ceb2fea
219,0x29c7ebbc1155f9f6f2a09eaa57aa768b8ceb2fea
220,0x29c7ebbc1155f9f6f2a09eaa57aa768b8ceb2fea
221,0x29c7ebbc1155f9f6f2a09eaa57aa768b8ceb2fea
222,0x29c7ebbc1155f9f6f2a09eaa57aa768b8ceb2fea
223,0x29c7ebbc1155f9f6f2a09eaa57aa768b8ceb2fea
224,0x29c7ebbc1155f9f6f2a09eaa57aa768b8ceb2fea
225,0x29c7ebbc1155f9f6f2a09eaa57aa768b8ceb2fea
226,0x29c7ebbc1155f9f6f2a09eaa57aa768b8ceb2fea
227,0x29c7ebbc1155f9f6f2a09eaa57aa768b8ceb2fea
228,0x29c7ebbc1155f9f6f2a09eaa57aa768b8ceb2fea
229,0x29c7ebbc1155f9f6f2a09eaa57aa768b8ceb2fea
230,0x29c7ebbc1155f9f6f2a09eaa57aa768b8ceb2fea
231,0x29c7ebbc1155f9f6f2a09eaa57aa768b8ceb2fea
232,0x29c7ebbc1155f9f6f2a09eaa57aa768b8ceb2fea
233,0x29c7ebbc1155f9f6f2a09eaa57aa768b8ceb2fea
234,0x29c7ebbc1155f9f6f2a09eaa57aa768b8ceb2fea
235,0x29c7ebbc1155f9f6f2a09eaa57aa768b8ceb2fea
236,0x29c7ebbc1155f9f6f2a09eaa57aa768b8ceb2fea
237,0x29c7ebbc1155f9f6f2a09eaa57aa768b8ceb2fea
238,0x29c7ebbc1155f9f6f2a09eaa57aa768b8ceb2fea
239,0x29c7ebbc1155f9f6f2a09eaa57aa768b8ceb2fea
240,0x29c7ebbc1155f9f6f2a09eaa57aa768b8ceb2fea
241,0x29c7ebbc1155f9f6f2a09eaa57aa768b8ceb2fea
242,0x29c7ebbc1155f9f6f2a09eaa57aa768b8ceb2fea
243,0x29c7ebbc1155f9f6f2a09eaa57aa768b8ceb2fea
244,0x29c7ebbc1155f9f6f2a09eaa57aa768b8ceb2fea
245,0x29c7ebbc1155f9f6f2a09eaa57aa768b8ceb2fea
246,0x29c7ebbc1155f9f6f2a09eaa57aa768b8ceb2fea
247,0x29c7ebbc1155f9f6f2a09eaa57aa768b8ceb2fea
248,0x29c7ebbc1155f9f6f2a09eaa57aa768b8ceb2fea
249,0x29c7ebbc1155f9f6f2a09eaa57aa768b8ceb2fea
250,0x29c7ebbc1155f9f6f2a09eaa57aa768b8ceb2fea
251,0x29c7ebbc1155f9f6f2a09eaa57aa768b8ceb2fea
252,0xa0e5ca7ddefcd4b07090a24f2014f130615c25b1
253,0xb586708aa9933f56e084b57dfcca06c3d2500391
254,0x425592fd920e1702caa5aac6ca8f555fe598fa7c
255,0xb7ec85975230da6f94b463752be63520b3ab0b6b
256,0xa27ff7b2323ff5dc5e9f2538d33ff6fd0fc4792f
257,0x0a0752d4808012aabd9d7a12296bd43ad3f41bc0
258,0xcaa68cd331aff704763917e5f564e720058bd925
259,0x694ad73053cecc643448356781586bd42a26704f
260,0x4a04b022f0a93162100d86d6897722ec2a69dfef
261,0xf60b4f441ee2c152e2f67d2cc6840f16bd4340e2
262,0x4746cf3e1b2d9ae8ab23c3851c9cd8a9e62122a1
263,0xac3817bededbebdb90e617e01b0283be83635ff6
264,0x5a150fbf20408063fa4959b1f71b55087f31baca
265,0xe4dd313bcbb4223845056f2af80248b37f6cbc6b
266,0xe0a8297cd0f92aacab64620616f77c2a5b5d8115
267,0x6358722db984a492ca85bdd79c9c605573adf3da
268,0x21dba17b9d3de43ac5f7ecb080ba3969e58c6ef2
269,0x53c4ac97cce030d171b03c5d5c8e1d658b3c8e09
270,0x2e90ac9a3e9ce0e82d04646753f146ee0a1a9ff6
271,0x8d4301e5cd03aff5cfa8a93dbbb4c584ea2052bb
272,0xc528efd9645d6b8ac03e1418a12e5f60b488c2aa
273,0xb0eeadad5c4f42bb468721186d5e8bb7bab00f6b
274,0x177f8726aa64d069dd64016c1b069343833915f9
275,0xc62b0a291326d554cd43ded342a1f6540a665a42
276,0x9059bbd373f4284bd37603ccea4d017c7de109db
277,0x110d8858cb1db873a4025d7954694a8077646da4
278,0x4fc5163a3a7fd548c8b759b2b27d915817b4dc78
279,0x1c7f97fb60e8dfc85857fb26da01b451b5f4bf87
280,0xf75177189112825aa40f721a1a5bfd7af9bc3894
281,0x7c4d6f7f6194524311650cfe60363e1d1c1205de
282,0xbdf1d7c33eda491210a410cb84b273d0e6c0e761
283,0xe67c525f0175a1210a2d4ed93af893355bff18e4
284,0xa8bf269094af3070873fbdc08914c2ea07f2f3fc
285,0xbe87f009fceeab80d2189f1ea0b3af8bf6bd651f
286,0xb6e797d73efaa74e22fbb893a6d0e65bc8cddcae
287,0xcabcded245e7b4d3d95bb6fa08105c0cafda770f
288,0x14a05ecd2bd6015d7e43715349ef52bbf505faea
289,0xc806fae3563bb864af6f28f9fd94ade3d9c7a1eb
290,0xe898a584512a38a0bc542fdaba89adfc1b242508
291,0xde9cdd98c472ee84dec5d37ff436434821813b1b
292,0xf37c7fe6055a409791e27ef535b4e63c9dc7b4fd
293,0x0f6c32649e928b5c0fbd5aa3ce1d6f12f46cdf9f
294,0x8c0707e41c8250ad55516b08e1420d0104d15a2c
295,0xeb7d5a138ab1d8afe546b38ab5d4ce762771179f
296,0xe62835ff3cb96549bcd6c2dda77fc14890720e2e
297,0xd401246866827356db1cd1c54818a2846ea7482a
298,0x3cc74b967670c64a6d0fdc6f9158b13f3880b586
299,0xf1977cb53f9de79b3c52726480eec23263bab21f
300,0xbf75945f243e819dbb33addd901797e81fe01b0c
301,0x4d3cc1b4a18bc3c411d9b5ebaefde1978feafbaf
302,0x681d989da3a5104f07624d66abd254c9493cf3b5
303,0x92134c72a83af601750562463917aad2ab035780
304,0xaea75ba97f41a1169deffce71f5ec24365b93166
305,0xf1e0649e0abfd6cd64250a5b47b8e8c161b96195
306,0xec8a1125489b73625fedaa308f28d6ae37e99967
307,0x5baa3fdf97056e6c7b76cc1bc2ee325acfa2408f
