0,0x17f8135acb3520b58c65ec95e573412cc25ca72e
1,0x17f8135acb3520b58c65ec95e573412cc25ca72e
2,0x17f8135acb3520b58c65ec95e573412cc25ca72e
3,0x17f8135acb3520b58c65ec95e573412cc25ca72e
4,0x17f8135acb3520b58c65ec95e573412cc25ca72e
5,0x17f8135acb3520b58c65ec95e573412cc25ca72e
6,0x17f8135acb3520b58c65ec95e573412cc25ca72e
7,0x17f8135acb3520b58c65ec95e573412cc25ca72e
8,0x17f8135acb3520b58c65ec95e573412cc25ca72e
9,0x17f8135acb3520b58c65ec95e573412cc25ca72e
10,0x17f8135acb3520b58c65ec95e573412cc25ca72e
11,0xe09838d196276f03fc90f9c540632f886f5b6a74
12,0xc8c6abad25b4519adec17151b2edf6be04448b34
13,0xe09838d196276f03fc90f9c540632f886f5b6a74
14,0xe09838d196276f03fc90f9c540632f886f5b6a74
15,0x3e5d6e11b443ae4f92c54bb60888bc047cb71f59
16,0xe076fb17fff353835c70091ff35dd0d9e477938d
