0,0x371fadd78b80742faebd31358b242f52948ecca0
1,0x371fadd78b80742faebd31358b242f52948ecca0
2,0xc93dabc464b3148eb847b46c43c9bc9e6b61b5a2
3,0x76d6bdee8f921df55e09c001ad6269b6394bb1ca
4,0x76d6bdee8f921df55e09c001ad6269b6394bb1ca
5,0x76d6bdee8f921df55e09c001ad6269b6394bb1ca
6,0xf556b4636cc1e06dd3bb936089d96b25926c400f
7,0xc93dabc464b3148eb847b46c43c9bc9e6b61b5a2
8,0xc93dabc464b3148eb847b46c43c9bc9e6b61b5a2
9,0x371fadd78b80742faebd31358b242f52948ecca0
10,0x371fadd78b80742faebd31358b242f52948ecca0
11,0x371fadd78b80742faebd31358b242f52948ecca0
12,0x371fadd78b80742faebd31358b242f52948ecca0
13,0x371fadd78b80742faebd31358b242f52948ecca0
14,0x371fadd78b80742faebd31358b242f52948ecca0
15,0x371fadd78b80742faebd31358b242f52948ecca0
16,0x371fadd78b80742faebd31358b242f52948ecca0
17,0x371fadd78b80742faebd31358b242f52948ecca0
18,0x371fadd78b80742faebd31358b242f52948ecca0
19,0x371fadd78b80742faebd31358b242f52948ecca0
20,0x371fadd78b80742faebd31358b242f52948ecca0
21,0x371fadd78b80742faebd31358b242f52948ecca0
22,0x371fadd78b80742faebd31358b242f52948ecca0
23,0x371fadd78b80742faebd31358b242f52948ecca0
24,0x371fadd78b80742faebd31358b242f52948ecca0
25,0x84b9cb3f39c0d465a543de18ebb072776bfce641
26,0x84b9cb3f39c0d465a543de18ebb072776bfce641
27,0x371fadd78b80742faebd31358b242f52948ecca0
28,0x371fadd78b80742faebd31358b242f52948ecca0
29,0x371fadd78b80742faebd31358b242f52948ecca0
30,0x371fadd78b80742faebd31358b242f52948ecca0
31,0x371fadd78b80742faebd31358b242f52948ecca0
32,0x371fadd78b80742faebd31358b242f52948ecca0
33,0x371fadd78b80742faebd31358b242f52948ecca0
34,0x371fadd78b80742faebd31358b242f52948ecca0
35,0x371fadd78b80742faebd31358b242f52948ecca0
