0,"Tracto: Deployer
(0xf7b2ccc8868e9a0fc847e8c70ae999c22b82f10f)"
1,"Tracto: Deployer
(0xf7b2ccc8868e9a0fc847e8c70ae999c22b82f10f)"
2,0x84ae304477b90c8d2d6f90b0544cdb7d3d194a36
3,0x84ae304477b90c8d2d6f90b0544cdb7d3d194a36
4,0x7a58751794cc6cd5d49cfaa249eb9739bd1d1f61
5,0xb7e4775fa54f236759dbdd79a523e8e37feb5665
6,0xb7e4775fa54f236759dbdd79a523e8e37feb5665
7,0xb7e4775fa54f236759dbdd79a523e8e37feb5665
8,0xb7e4775fa54f236759dbdd79a523e8e37feb5665
9,"Tracto: Deployer
(0xf7b2ccc8868e9a0fc847e8c70ae999c22b82f10f)"
10,"Tracto: Deployer
(0xf7b2ccc8868e9a0fc847e8c70ae999c22b82f10f)"
11,0xe1465be9d885fcaae15892c38e386d2a0e54c80d
12,0xe1465be9d885fcaae15892c38e386d2a0e54c80d
13,0xe1465be9d885fcaae15892c38e386d2a0e54c80d
14,0xe1465be9d885fcaae15892c38e386d2a0e54c80d
15,0xe1465be9d885fcaae15892c38e386d2a0e54c80d
16,0xb7e4775fa54f236759dbdd79a523e8e37feb5665
17,0x7a58751794cc6cd5d49cfaa249eb9739bd1d1f61
18,0x7a58751794cc6cd5d49cfaa249eb9739bd1d1f61
19,0x7a58751794cc6cd5d49cfaa249eb9739bd1d1f61
20,0x7a58751794cc6cd5d49cfaa249eb9739bd1d1f61
21,0x7a58751794cc6cd5d49cfaa249eb9739bd1d1f61
22,0x7a58751794cc6cd5d49cfaa249eb9739bd1d1f61
23,0xd8a51c734239aac8885635aff6a66396341fdb11
24,0x7a58751794cc6cd5d49cfaa249eb9739bd1d1f61
25,0x46e8f97829a00a73f96f22ca333641977470aa72
26,0x081884cd322c70f19e9d9b3e3ee22670e364963f
27,0xe1465be9d885fcaae15892c38e386d2a0e54c80d
28,0xe1465be9d885fcaae15892c38e386d2a0e54c80d
29,0x081884cd322c70f19e9d9b3e3ee22670e364963f
30,0x081884cd322c70f19e9d9b3e3ee22670e364963f
31,0x7a58751794cc6cd5d49cfaa249eb9739bd1d1f61
32,0x081884cd322c70f19e9d9b3e3ee22670e364963f
33,0x081884cd322c70f19e9d9b3e3ee22670e364963f
34,0x081884cd322c70f19e9d9b3e3ee22670e364963f
35,0xa4873e24f301b7304cba32e04f4b576e5f0e3144
36,0xa4873e24f301b7304cba32e04f4b576e5f0e3144
37,0xa4873e24f301b7304cba32e04f4b576e5f0e3144
38,0xa4873e24f301b7304cba32e04f4b576e5f0e3144
39,0x84ae304477b90c8d2d6f90b0544cdb7d3d194a36
40,0x92762bbaa7c8ad5e6068765c7838989def1b42c2
41,0xa4873e24f301b7304cba32e04f4b576e5f0e3144
42,0x84ae304477b90c8d2d6f90b0544cdb7d3d194a36
43,0x92762bbaa7c8ad5e6068765c7838989def1b42c2
44,0x46e8f97829a00a73f96f22ca333641977470aa72
45,0xb39c9342ff38810875c52b6cfb62d8fd3188ee93
46,0xb7e4775fa54f236759dbdd79a523e8e37feb5665
47,0xb7e4775fa54f236759dbdd79a523e8e37feb5665
48,0xb7e4775fa54f236759dbdd79a523e8e37feb5665
49,0xb7e4775fa54f236759dbdd79a523e8e37feb5665
50,0xb7e4775fa54f236759dbdd79a523e8e37feb5665
51,0xb7e4775fa54f236759dbdd79a523e8e37feb5665
52,0xa4873e24f301b7304cba32e04f4b576e5f0e3144
53,0xb7e4775fa54f236759dbdd79a523e8e37feb5665
54,0xb7e4775fa54f236759dbdd79a523e8e37feb5665
55,0xb7e4775fa54f236759dbdd79a523e8e37feb5665
56,0xb7e4775fa54f236759dbdd79a523e8e37feb5665
57,0xb7e4775fa54f236759dbdd79a523e8e37feb5665
58,0xb7e4775fa54f236759dbdd79a523e8e37feb5665
59,0xb39c9342ff38810875c52b6cfb62d8fd3188ee93
60,0xa4873e24f301b7304cba32e04f4b576e5f0e3144
61,0x46e8f97829a00a73f96f22ca333641977470aa72
62,0xa4873e24f301b7304cba32e04f4b576e5f0e3144
63,0xb7e4775fa54f236759dbdd79a523e8e37feb5665
64,0xb7e4775fa54f236759dbdd79a523e8e37feb5665
65,0xb7e4775fa54f236759dbdd79a523e8e37feb5665
66,0xb7e4775fa54f236759dbdd79a523e8e37feb5665
67,0xb7e4775fa54f236759dbdd79a523e8e37feb5665
68,0xb7e4775fa54f236759dbdd79a523e8e37feb5665
69,0xb39c9342ff38810875c52b6cfb62d8fd3188ee93
70,0x081884cd322c70f19e9d9b3e3ee22670e364963f
71,0xb39c9342ff38810875c52b6cfb62d8fd3188ee93
72,0x46e8f97829a00a73f96f22ca333641977470aa72
73,0xb7e4775fa54f236759dbdd79a523e8e37feb5665
74,0xb7e4775fa54f236759dbdd79a523e8e37feb5665
75,0xb7e4775fa54f236759dbdd79a523e8e37feb5665
76,0xb7e4775fa54f236759dbdd79a523e8e37feb5665
77,0xb7e4775fa54f236759dbdd79a523e8e37feb5665
78,0xb7e4775fa54f236759dbdd79a523e8e37feb5665
79,0xa4873e24f301b7304cba32e04f4b576e5f0e3144
80,0xb7e4775fa54f236759dbdd79a523e8e37feb5665
81,0x46e8f97829a00a73f96f22ca333641977470aa72
82,0xb7e4775fa54f236759dbdd79a523e8e37feb5665
83,0xb7e4775fa54f236759dbdd79a523e8e37feb5665
84,0xb7e4775fa54f236759dbdd79a523e8e37feb5665
85,0xb7e4775fa54f236759dbdd79a523e8e37feb5665
86,0xb7e4775fa54f236759dbdd79a523e8e37feb5665
87,0x7a58751794cc6cd5d49cfaa249eb9739bd1d1f61
88,0x081884cd322c70f19e9d9b3e3ee22670e364963f
89,0xa4873e24f301b7304cba32e04f4b576e5f0e3144
90,0xb7e4775fa54f236759dbdd79a523e8e37feb5665
91,0xa4873e24f301b7304cba32e04f4b576e5f0e3144
92,0x84ae304477b90c8d2d6f90b0544cdb7d3d194a36
93,0x081884cd322c70f19e9d9b3e3ee22670e364963f
94,0x7a58751794cc6cd5d49cfaa249eb9739bd1d1f61
95,0xa4873e24f301b7304cba32e04f4b576e5f0e3144
96,0x7a58751794cc6cd5d49cfaa249eb9739bd1d1f61
97,0x36e293a788ca5bb3045ea97281f951d4b6e5df8f
98,0x081884cd322c70f19e9d9b3e3ee22670e364963f
99,0xca2230d9e01a6f1ec2938cbea02b94cb657d0ffc
100,0x081884cd322c70f19e9d9b3e3ee22670e364963f
101,0xc75be6bbd7127a08d805e0000f35ac49ac023720
102,0xb39c9342ff38810875c52b6cfb62d8fd3188ee93
103,0x081884cd322c70f19e9d9b3e3ee22670e364963f
104,0xa538efc929dfe6480532b9cb5e240012612134b5
105,0x7a58751794cc6cd5d49cfaa249eb9739bd1d1f61
106,0x84ae304477b90c8d2d6f90b0544cdb7d3d194a36
107,"Tracto: Deployer
(0xf7b2ccc8868e9a0fc847e8c70ae999c22b82f10f)"
108,"Tracto: Deployer
(0xf7b2ccc8868e9a0fc847e8c70ae999c22b82f10f)"
109,"Tracto: Deployer
(0xf7b2ccc8868e9a0fc847e8c70ae999c22b82f10f)"
110,0x0f5d4a5459d0fad3aa3693cc9dde8ac73e12a3b7
111,0x0f5d4a5459d0fad3aa3693cc9dde8ac73e12a3b7
112,"Tracto: Deployer
(0xf7b2ccc8868e9a0fc847e8c70ae999c22b82f10f)"
113,0x84ae304477b90c8d2d6f90b0544cdb7d3d194a36
114,0x069854fe557f34970ee5b205786a365c70793ce4
115,0x84ae304477b90c8d2d6f90b0544cdb7d3d194a36
116,0x069854fe557f34970ee5b205786a365c70793ce4
117,"Tracto: Deployer
(0xf7b2ccc8868e9a0fc847e8c70ae999c22b82f10f)"
118,"Tracto: Deployer
(0xf7b2ccc8868e9a0fc847e8c70ae999c22b82f10f)"
119,"Tracto: Deployer
(0xf7b2ccc8868e9a0fc847e8c70ae999c22b82f10f)"
120,0x0f5d4a5459d0fad3aa3693cc9dde8ac73e12a3b7
121,0x0f5d4a5459d0fad3aa3693cc9dde8ac73e12a3b7
122,0x081884cd322c70f19e9d9b3e3ee22670e364963f
123,0x5fc3957560f83e700cccaabc702c1555e31c8dc9
124,0x0f5d4a5459d0fad3aa3693cc9dde8ac73e12a3b7
125,0x0f5d4a5459d0fad3aa3693cc9dde8ac73e12a3b7
126,0x0f5d4a5459d0fad3aa3693cc9dde8ac73e12a3b7
127,0x0f5d4a5459d0fad3aa3693cc9dde8ac73e12a3b7
128,0xa115b7c4c2cfabd8cf294ca483f72a08b9af6dab
129,0x0f5d4a5459d0fad3aa3693cc9dde8ac73e12a3b7
130,0xa115b7c4c2cfabd8cf294ca483f72a08b9af6dab
131,0x46e8f97829a00a73f96f22ca333641977470aa72
132,0x07059141e70c1d37e530c9e117019d662c97937f
133,"Tidex 2
(0x0a73573cf2903d2d8305b1ecb9e9730186a312ae)"
134,0xa115b7c4c2cfabd8cf294ca483f72a08b9af6dab
135,0x0f5d4a5459d0fad3aa3693cc9dde8ac73e12a3b7
136,0x0f5d4a5459d0fad3aa3693cc9dde8ac73e12a3b7
137,"Tracto: Deployer
(0xf7b2ccc8868e9a0fc847e8c70ae999c22b82f10f)"
138,0x84ae304477b90c8d2d6f90b0544cdb7d3d194a36
139,0x53d545e80a39c4c3ac96e494eda6ee7e42ffa87e
140,0xa115b7c4c2cfabd8cf294ca483f72a08b9af6dab
141,0x0f5d4a5459d0fad3aa3693cc9dde8ac73e12a3b7
142,0xa538efc929dfe6480532b9cb5e240012612134b5
143,"Tracto: Deployer
(0xf7b2ccc8868e9a0fc847e8c70ae999c22b82f10f)"
144,0x0f5d4a5459d0fad3aa3693cc9dde8ac73e12a3b7
145,0xa538efc929dfe6480532b9cb5e240012612134b5
146,0x84ae304477b90c8d2d6f90b0544cdb7d3d194a36
147,0xa115b7c4c2cfabd8cf294ca483f72a08b9af6dab
148,0x53d545e80a39c4c3ac96e494eda6ee7e42ffa87e
149,0xd0c31a6cc7da47043b01e6ca43dac696d1e1cb72
150,0xa538efc929dfe6480532b9cb5e240012612134b5
151,0xe1465be9d885fcaae15892c38e386d2a0e54c80d
152,0x0f5d4a5459d0fad3aa3693cc9dde8ac73e12a3b7
153,0x7a58751794cc6cd5d49cfaa249eb9739bd1d1f61
154,"Tidex 2
(0x0a73573cf2903d2d8305b1ecb9e9730186a312ae)"
155,0x0f5d4a5459d0fad3aa3693cc9dde8ac73e12a3b7
156,0x888370fb4909857373636a0de8c4487851654cf5
157,0x0f5d4a5459d0fad3aa3693cc9dde8ac73e12a3b7
158,0x0f5d4a5459d0fad3aa3693cc9dde8ac73e12a3b7
159,0x0f5d4a5459d0fad3aa3693cc9dde8ac73e12a3b7
160,"Tidex 2
(0x0a73573cf2903d2d8305b1ecb9e9730186a312ae)"
161,0x0f5d4a5459d0fad3aa3693cc9dde8ac73e12a3b7
162,0x7f8f29cc0c6806bb5af3d244085d2b982ea85b36
163,0x0f5d4a5459d0fad3aa3693cc9dde8ac73e12a3b7
164,0x7f8f29cc0c6806bb5af3d244085d2b982ea85b36
165,0x042763d40b6f5ae540af34b0f3179dec69627b73
166,0x6c673a60bcb4f3e559973ce80e7427b51a48fa44
167,0x0f5d4a5459d0fad3aa3693cc9dde8ac73e12a3b7
168,0x7f8f29cc0c6806bb5af3d244085d2b982ea85b36
169,"Tidex 2
(0x0a73573cf2903d2d8305b1ecb9e9730186a312ae)"
170,0x042763d40b6f5ae540af34b0f3179dec69627b73
171,0x31d511d1caff683515f43f17d74bb1d490d5747d
172,0xbf37ebfadeb430584a37d08703c8ba03705cb8cb
173,0x042763d40b6f5ae540af34b0f3179dec69627b73
174,0x7f8f29cc0c6806bb5af3d244085d2b982ea85b36
175,0xc8975c7c149ef875e3b3e34625c1c9c8ed0c931b
176,0x36e293a788ca5bb3045ea97281f951d4b6e5df8f
177,"Tidex 2
(0x0a73573cf2903d2d8305b1ecb9e9730186a312ae)"
178,0x6c673a60bcb4f3e559973ce80e7427b51a48fa44
179,0xd06da80c57d2c462de4971bf058c33bbc56083c8
180,"Tidex 2
(0x0a73573cf2903d2d8305b1ecb9e9730186a312ae)"
181,"Tidex 2
(0x0a73573cf2903d2d8305b1ecb9e9730186a312ae)"
182,"Tidex 2
(0x0a73573cf2903d2d8305b1ecb9e9730186a312ae)"
183,"Tidex 2
(0x0a73573cf2903d2d8305b1ecb9e9730186a312ae)"
184,"Tidex 2
(0x0a73573cf2903d2d8305b1ecb9e9730186a312ae)"
185,0x0f5d4a5459d0fad3aa3693cc9dde8ac73e12a3b7
186,0x042763d40b6f5ae540af34b0f3179dec69627b73
187,0x6c673a60bcb4f3e559973ce80e7427b51a48fa44
188,0x7f8f29cc0c6806bb5af3d244085d2b982ea85b36
189,0x0f5d4a5459d0fad3aa3693cc9dde8ac73e12a3b7
190,"Tidex 2
(0x0a73573cf2903d2d8305b1ecb9e9730186a312ae)"
191,0x2df8e297a2e943b5b94b4a410fab7e14403fce00
192,"Tidex 2
(0x0a73573cf2903d2d8305b1ecb9e9730186a312ae)"
193,"Tidex 2
(0x0a73573cf2903d2d8305b1ecb9e9730186a312ae)"
194,"Tidex 2
(0x0a73573cf2903d2d8305b1ecb9e9730186a312ae)"
195,"Tidex 2
(0x0a73573cf2903d2d8305b1ecb9e9730186a312ae)"
196,0xb39c9342ff38810875c52b6cfb62d8fd3188ee93
197,0x6c673a60bcb4f3e559973ce80e7427b51a48fa44
198,0x042763d40b6f5ae540af34b0f3179dec69627b73
199,0x6c673a60bcb4f3e559973ce80e7427b51a48fa44
200,0x042763d40b6f5ae540af34b0f3179dec69627b73
201,0x0f5d4a5459d0fad3aa3693cc9dde8ac73e12a3b7
202,0x0f5d4a5459d0fad3aa3693cc9dde8ac73e12a3b7
203,0xa4873e24f301b7304cba32e04f4b576e5f0e3144
204,0x042763d40b6f5ae540af34b0f3179dec69627b73
205,"Tidex 2
(0x0a73573cf2903d2d8305b1ecb9e9730186a312ae)"
206,0xd8a51c734239aac8885635aff6a66396341fdb11
207,0x1f64cfb06697758b9ce9e8e325a9363117a217c8
208,0x0f5d4a5459d0fad3aa3693cc9dde8ac73e12a3b7
209,0x0f5d4a5459d0fad3aa3693cc9dde8ac73e12a3b7
210,0x7f8f29cc0c6806bb5af3d244085d2b982ea85b36
211,0x0f5d4a5459d0fad3aa3693cc9dde8ac73e12a3b7
212,0x6c673a60bcb4f3e559973ce80e7427b51a48fa44
213,0xfa72e53f908105e40289632e8d4c387fdeac092f
214,0xa4873e24f301b7304cba32e04f4b576e5f0e3144
215,0x9e0bcc056599ec2a10d0ac32e6bd62601a585e61
216,0x36e293a788ca5bb3045ea97281f951d4b6e5df8f
217,0x395f4174637ab12d5dbb4ab3d04fcb5ab6ad90b9
218,0xa549bc26eb6466cacb10e741e30147155b43a5c8
219,"Tidex 2
(0x0a73573cf2903d2d8305b1ecb9e9730186a312ae)"
220,"Tidex 2
(0x0a73573cf2903d2d8305b1ecb9e9730186a312ae)"
221,0xb7e4775fa54f236759dbdd79a523e8e37feb5665
222,0x2450bae9ae49012c020fa323cc9d4585b5d7f068
223,0x36e293a788ca5bb3045ea97281f951d4b6e5df8f
224,0x395f4174637ab12d5dbb4ab3d04fcb5ab6ad90b9
225,"Tracto: Deployer
(0xf7b2ccc8868e9a0fc847e8c70ae999c22b82f10f)"
226,0x53d545e80a39c4c3ac96e494eda6ee7e42ffa87e
227,"Tracto: Deployer
(0xf7b2ccc8868e9a0fc847e8c70ae999c22b82f10f)"
228,0x84ae304477b90c8d2d6f90b0544cdb7d3d194a36
229,0x069854fe557f34970ee5b205786a365c70793ce4
230,0x7f8f29cc0c6806bb5af3d244085d2b982ea85b36
231,0x7f8f29cc0c6806bb5af3d244085d2b982ea85b36
232,0x6c673a60bcb4f3e559973ce80e7427b51a48fa44
233,0x042763d40b6f5ae540af34b0f3179dec69627b73
234,0x042763d40b6f5ae540af34b0f3179dec69627b73
235,0x7f8f29cc0c6806bb5af3d244085d2b982ea85b36
236,0x042763d40b6f5ae540af34b0f3179dec69627b73
237,0x0f5d4a5459d0fad3aa3693cc9dde8ac73e12a3b7
238,0x6c673a60bcb4f3e559973ce80e7427b51a48fa44
239,0x6c673a60bcb4f3e559973ce80e7427b51a48fa44
240,"Tidex 2
(0x0a73573cf2903d2d8305b1ecb9e9730186a312ae)"
241,"Tidex 2
(0x0a73573cf2903d2d8305b1ecb9e9730186a312ae)"
242,0xd8a51c734239aac8885635aff6a66396341fdb11
243,0x6c673a60bcb4f3e559973ce80e7427b51a48fa44
244,0x0f5d4a5459d0fad3aa3693cc9dde8ac73e12a3b7
245,0x7f8f29cc0c6806bb5af3d244085d2b982ea85b36
246,0x0f5d4a5459d0fad3aa3693cc9dde8ac73e12a3b7
247,0x86a4e0fc7302702d86e3881fc3a88f2efd397d2c
248,0xb50674ecbaf5453c373202e2f8c8515b235a8b8e
249,0x220c022df93e22fb325b88c75a74f6375f8e4ecf
250,0x0f5d4a5459d0fad3aa3693cc9dde8ac73e12a3b7
251,0x6c673a60bcb4f3e559973ce80e7427b51a48fa44
252,0x0f5d4a5459d0fad3aa3693cc9dde8ac73e12a3b7
253,0x888370fb4909857373636a0de8c4487851654cf5
254,"Tidex 2
(0x0a73573cf2903d2d8305b1ecb9e9730186a312ae)"
255,"Tidex 2
(0x0a73573cf2903d2d8305b1ecb9e9730186a312ae)"
256,"Tidex 2
(0x0a73573cf2903d2d8305b1ecb9e9730186a312ae)"
257,0xd1551e75d5b1d0f5034212aef4bfada8bdb5b6eb
258,0xa09acbe820438285f1c5ceaf82a5774042011bef
259,"Tidex 2
(0x0a73573cf2903d2d8305b1ecb9e9730186a312ae)"
260,0x0f5d4a5459d0fad3aa3693cc9dde8ac73e12a3b7
261,"Tidex 2
(0x0a73573cf2903d2d8305b1ecb9e9730186a312ae)"
262,"Tidex 2
(0x0a73573cf2903d2d8305b1ecb9e9730186a312ae)"
263,0x6c673a60bcb4f3e559973ce80e7427b51a48fa44
264,0x042763d40b6f5ae540af34b0f3179dec69627b73
265,0x7f8f29cc0c6806bb5af3d244085d2b982ea85b36
266,"Tidex 2
(0x0a73573cf2903d2d8305b1ecb9e9730186a312ae)"
267,"Tidex 2
(0x0a73573cf2903d2d8305b1ecb9e9730186a312ae)"
268,0x7f8f29cc0c6806bb5af3d244085d2b982ea85b36
269,0x7f8f29cc0c6806bb5af3d244085d2b982ea85b36
270,0x6c673a60bcb4f3e559973ce80e7427b51a48fa44
271,0x7f8f29cc0c6806bb5af3d244085d2b982ea85b36
272,0x6edb034c6fd88cae9800831cbb885190dfad44e7
273,"Tidex 2
(0x0a73573cf2903d2d8305b1ecb9e9730186a312ae)"
274,0x84ae304477b90c8d2d6f90b0544cdb7d3d194a36
275,"Tracto: Deployer
(0xf7b2ccc8868e9a0fc847e8c70ae999c22b82f10f)"
276,"Tidex 2
(0x0a73573cf2903d2d8305b1ecb9e9730186a312ae)"
277,0xb6c974dc7638771f2ebb7b00ea925b894b5cf314
278,"Tidex 2
(0x0a73573cf2903d2d8305b1ecb9e9730186a312ae)"
279,0xc4356a09680d216d482306b56bbd734d4c2e4612
280,"Tidex 2
(0x0a73573cf2903d2d8305b1ecb9e9730186a312ae)"
281,0x042763d40b6f5ae540af34b0f3179dec69627b73
282,0x0f5d4a5459d0fad3aa3693cc9dde8ac73e12a3b7
283,0x7f8f29cc0c6806bb5af3d244085d2b982ea85b36
284,0x0f5d4a5459d0fad3aa3693cc9dde8ac73e12a3b7
285,0x8cc796bb03be8071ec21566eec665992592c5a07
286,0xe4f68006edb9b2ca58d1949461edfff9e60235f3
287,0x7f8f29cc0c6806bb5af3d244085d2b982ea85b36
288,0xe1465be9d885fcaae15892c38e386d2a0e54c80d
289,0xf10b4859a9bd9f993c5b732c85c5ed175a3c3cea
290,"Tidex 2
(0x0a73573cf2903d2d8305b1ecb9e9730186a312ae)"
291,0x0f5d4a5459d0fad3aa3693cc9dde8ac73e12a3b7
292,0x6c673a60bcb4f3e559973ce80e7427b51a48fa44
293,0x7f8f29cc0c6806bb5af3d244085d2b982ea85b36
294,0x7792f62987718a9adf0ac966222fa9861957fd22
295,"Tidex 2
(0x0a73573cf2903d2d8305b1ecb9e9730186a312ae)"
296,0x2e12fd5aed571cdda13c01f20e60b43de9d73710
297,0x49bf26c0256829e7b841b85cc1d6364836090c74
298,0xe4464e5cc6bd0e464b80e5664dcf8f75ed921919
299,"Tidex 2
(0x0a73573cf2903d2d8305b1ecb9e9730186a312ae)"
300,0x25d13618a04a4f14c150e20610a2a34d4da595f5
301,"Tidex 2
(0x0a73573cf2903d2d8305b1ecb9e9730186a312ae)"
302,"Tidex 2
(0x0a73573cf2903d2d8305b1ecb9e9730186a312ae)"
303,0x7f8f29cc0c6806bb5af3d244085d2b982ea85b36
304,0x0f5d4a5459d0fad3aa3693cc9dde8ac73e12a3b7
305,0x6edb034c6fd88cae9800831cbb885190dfad44e7
306,0x2743598695f633da10098fb52351b9973d782aa8
307,0x6c673a60bcb4f3e559973ce80e7427b51a48fa44
308,0xd8c35be426ff35e2208f82d403dc4a67f1a4f551
309,0xcbef8b592e786861240ccbea105f552220f60bd6
310,"Tidex 2
(0x0a73573cf2903d2d8305b1ecb9e9730186a312ae)"
311,0x617995e4be4115351b2232cca88be393f3b0bda6
312,"Tidex 2
(0x0a73573cf2903d2d8305b1ecb9e9730186a312ae)"
313,0x0f5d4a5459d0fad3aa3693cc9dde8ac73e12a3b7
314,0x0f5d4a5459d0fad3aa3693cc9dde8ac73e12a3b7
315,0x7f8f29cc0c6806bb5af3d244085d2b982ea85b36
316,0x042763d40b6f5ae540af34b0f3179dec69627b73
317,"Tidex 2
(0x0a73573cf2903d2d8305b1ecb9e9730186a312ae)"
318,0x617995e4be4115351b2232cca88be393f3b0bda6
319,"Tidex 2
(0x0a73573cf2903d2d8305b1ecb9e9730186a312ae)"
320,0x84deda22cf5051c8a00aa5be02644d9baf392b46
321,"Tidex 2
(0x0a73573cf2903d2d8305b1ecb9e9730186a312ae)"
322,"Tidex 2
(0x0a73573cf2903d2d8305b1ecb9e9730186a312ae)"
323,"Tidex 2
(0x0a73573cf2903d2d8305b1ecb9e9730186a312ae)"
324,0x25d13618a04a4f14c150e20610a2a34d4da595f5
325,0xb1eb03881045d9b4f8b099278598132bff661eed
326,0x36e293a788ca5bb3045ea97281f951d4b6e5df8f
327,0x7f8f29cc0c6806bb5af3d244085d2b982ea85b36
328,0x042763d40b6f5ae540af34b0f3179dec69627b73
329,0x0f5d4a5459d0fad3aa3693cc9dde8ac73e12a3b7
330,0x6c673a60bcb4f3e559973ce80e7427b51a48fa44
331,0x0f5d4a5459d0fad3aa3693cc9dde8ac73e12a3b7
