0,0xc6728553e65706c147b4e024fb09f35ec46cd016
1,0x0dd781593bc0acb546896249078516ec644d6b07
2,0x0dd781593bc0acb546896249078516ec644d6b07
3,0x9e75f8a3698ba5f924aad561488e052078b23eda
4,0x0dd781593bc0acb546896249078516ec644d6b07
5,0x0dd781593bc0acb546896249078516ec644d6b07
6,0xd12a6d9946afb4ea29f186b4007b6d0111ee0704
7,0xd12a6d9946afb4ea29f186b4007b6d0111ee0704
8,0xd12a6d9946afb4ea29f186b4007b6d0111ee0704
9,0xd12a6d9946afb4ea29f186b4007b6d0111ee0704
10,0xd12a6d9946afb4ea29f186b4007b6d0111ee0704
11,0xf0de1f25389d3b60620f836e0b13d778a4ab5866
12,0x0dd781593bc0acb546896249078516ec644d6b07
13,0x691c4b07d4af8ae822b8775afbb45b361db994b4
14,0x691c4b07d4af8ae822b8775afbb45b361db994b4
15,0x691c4b07d4af8ae822b8775afbb45b361db994b4
16,0x691c4b07d4af8ae822b8775afbb45b361db994b4
17,0x691c4b07d4af8ae822b8775afbb45b361db994b4
18,0xe7d386b19d3ca5da9aa3cef59ed8dadfbafe79a0
19,0x691c4b07d4af8ae822b8775afbb45b361db994b4
20,0x691c4b07d4af8ae822b8775afbb45b361db994b4
21,0x1f4bbf830a3cfa643a419e72c5293d64079b25b6
22,0x5ae8a688270a46934f74c10abb19bd2e7e0ec21b
23,0xe0bd2bce897d88eedd9479ba7196565658e4cb11
24,0xe0bd2bce897d88eedd9479ba7196565658e4cb11
25,0xe0bd2bce897d88eedd9479ba7196565658e4cb11
26,0xe0bd2bce897d88eedd9479ba7196565658e4cb11
27,0x070987e1af88d38b33c8530eef85708caf0448f1
28,0x070987e1af88d38b33c8530eef85708caf0448f1
29,0x8240a09d81d8cd19b6a32381197b716d5fb5e6d7
30,0x8240a09d81d8cd19b6a32381197b716d5fb5e6d7
31,0xfa9995f0e72727862d15a26388cf3a32d9b9ebf3
32,0x55244be4987c7b225d43b33062c7f9d3a43b9abe
33,0x507316a6aa634a5b9bce4ba8f8ae768a911d7f16
34,0x507316a6aa634a5b9bce4ba8f8ae768a911d7f16
35,0xd889fb99171d7c132aea25899fcb7bb7ee7ad284
36,0xb72e72158cc91b6aca132768eb7e9811005e8ee4
37,0xb72e72158cc91b6aca132768eb7e9811005e8ee4
38,0x96a9ac14beebe4559a39b4de264dfe52bfc6cbc1
39,0xafe96a2e99e746d066ff1cc07e23176ee3491c6f
40,0x932ff03442450ed8851121c1151624097295e797
41,0xb72e72158cc91b6aca132768eb7e9811005e8ee4
42,0x32e13e6a3aa9632bddbd69c7d980ac1aa5d4a825
43,0x4e9fdcad7fb032cc1f8ac72b017810f7b2233abb
44,0x4e9fdcad7fb032cc1f8ac72b017810f7b2233abb
45,0x4e9fdcad7fb032cc1f8ac72b017810f7b2233abb
46,0x19a41ff79a69c80d25f17ca6e5d934cad2333452
47,0x19a41ff79a69c80d25f17ca6e5d934cad2333452
48,0x19a41ff79a69c80d25f17ca6e5d934cad2333452
49,0x4e9fdcad7fb032cc1f8ac72b017810f7b2233abb
50,0xfef7310879410ad2baaddaef1d41743f1b72c328
51,0xb10a92b3e1a51a16c4b5f6e2671039d6b1612ca3
52,0xb10a92b3e1a51a16c4b5f6e2671039d6b1612ca3
53,0xfef7310879410ad2baaddaef1d41743f1b72c328
54,0xfef7310879410ad2baaddaef1d41743f1b72c328
55,0xfef7310879410ad2baaddaef1d41743f1b72c328
56,0xb10a92b3e1a51a16c4b5f6e2671039d6b1612ca3
57,0xb10a92b3e1a51a16c4b5f6e2671039d6b1612ca3
58,0xb10a92b3e1a51a16c4b5f6e2671039d6b1612ca3
59,0x90062e98ca6f4c76717e86fbbc9cd2a910ec4c06
60,0x1a04e5dd975ca8ee697005af92c4742687345a45
61,0x19a41ff79a69c80d25f17ca6e5d934cad2333452
62,0xb10a92b3e1a51a16c4b5f6e2671039d6b1612ca3
63,0xb10a92b3e1a51a16c4b5f6e2671039d6b1612ca3
64,0xb10a92b3e1a51a16c4b5f6e2671039d6b1612ca3
65,0x19a41ff79a69c80d25f17ca6e5d934cad2333452
66,0x9908ae5bde01da77ae45e75c98fc3847e4a59191
67,0x850dd988e238e4a35fbb3ad49030491956f30153
68,0x850dd988e238e4a35fbb3ad49030491956f30153
69,0x850dd988e238e4a35fbb3ad49030491956f30153
70,0x850dd988e238e4a35fbb3ad49030491956f30153
71,0x850dd988e238e4a35fbb3ad49030491956f30153
72,0x550bb9d4481000a450526f58e5c994f8dcae83c3
73,0x20f9bb3a340c5c8f82bf1875e61bc6ad523bab78
74,0x20f9bb3a340c5c8f82bf1875e61bc6ad523bab78
75,0x90062e98ca6f4c76717e86fbbc9cd2a910ec4c06
76,0x90062e98ca6f4c76717e86fbbc9cd2a910ec4c06
77,0xf0de1f25389d3b60620f836e0b13d778a4ab5866
78,0xb10a92b3e1a51a16c4b5f6e2671039d6b1612ca3
79,0xbdd16a06eb95628e52d598ef062cbf03fd48c1bc
80,0xf552a7cfb787c5dedef306ebf9cc781f6db1f93a
81,0xbdd16a06eb95628e52d598ef062cbf03fd48c1bc
82,0xe9d51644af7272e6284143edce83e852c79df76b
83,0xe9d51644af7272e6284143edce83e852c79df76b
84,0xe9d51644af7272e6284143edce83e852c79df76b
85,0x301689c633d48c799c2e447767902bee104dde51
86,0x301689c633d48c799c2e447767902bee104dde51
87,0x301689c633d48c799c2e447767902bee104dde51
88,0x301689c633d48c799c2e447767902bee104dde51
89,0x32e13e6a3aa9632bddbd69c7d980ac1aa5d4a825
90,0x9e2ee732d7c39b4065f94660be9aac2ff2343b4d
91,0x20f9bb3a340c5c8f82bf1875e61bc6ad523bab78
92,0x4624c25b183b35c1de35775102ee99e7846b0e97
93,0x4624c25b183b35c1de35775102ee99e7846b0e97
94,0x4624c25b183b35c1de35775102ee99e7846b0e97
95,0x93832a4fd771157fe2775c0028eebe493f58c296
96,0x8240a09d81d8cd19b6a32381197b716d5fb5e6d7
97,0xe6b9768556ff4be46d89ca672ab4a092093847f3
98,0xc07700de4ffbc82794981a3741d671c93fc80748
99,0x9e2ee732d7c39b4065f94660be9aac2ff2343b4d
100,0x24af234ea68dad82f1ba822caa1c7ea2c3ae1c66
101,0x93832a4fd771157fe2775c0028eebe493f58c296
102,0xf7968c160ddff220e2fd7d3459a8b0b05233fcad
103,0xf7968c160ddff220e2fd7d3459a8b0b05233fcad
104,0xf7968c160ddff220e2fd7d3459a8b0b05233fcad
105,0xd783631db3c6c54c6a462a9d07cccb5a4d437315
106,0xd783631db3c6c54c6a462a9d07cccb5a4d437315
107,0xd783631db3c6c54c6a462a9d07cccb5a4d437315
108,0x68713eb07deb2149d244f27a924fe68c00d19741
109,0x68713eb07deb2149d244f27a924fe68c00d19741
110,0x68713eb07deb2149d244f27a924fe68c00d19741
111,0x68713eb07deb2149d244f27a924fe68c00d19741
112,0x68713eb07deb2149d244f27a924fe68c00d19741
113,0x68713eb07deb2149d244f27a924fe68c00d19741
114,0x389935722623c5689d42216706df5ff042ad8bfe
115,0x6f85f70af906a6acd4f828db2fecd5d056eacd7a
116,0x3da028c2ffd56663734e22a48d9edd83dc2f9ac8
117,0x3da028c2ffd56663734e22a48d9edd83dc2f9ac8
118,0x1f957918f19503629b1a529e11342395ae095915
119,0x15111bd2176036b643004c46972fc876c6dc6fb2
120,0x15111bd2176036b643004c46972fc876c6dc6fb2
121,0x301689c633d48c799c2e447767902bee104dde51
122,0xc71d239309941ee7aa63bb17ce703613445ce27b
123,0xc71d239309941ee7aa63bb17ce703613445ce27b
124,0xc71d239309941ee7aa63bb17ce703613445ce27b
125,0xc71d239309941ee7aa63bb17ce703613445ce27b
126,0xc71d239309941ee7aa63bb17ce703613445ce27b
127,0x9de6e4549a409627a6c3a01ac6d293c16a4c0a85
128,0x9de6e4549a409627a6c3a01ac6d293c16a4c0a85
129,0xf1155b4dbbb5b482a09ec4c39335c65536119ee2
130,0x0dd781593bc0acb546896249078516ec644d6b07
131,0x9e2ee732d7c39b4065f94660be9aac2ff2343b4d
132,0x00d4596efaae28d571d716aad9903114b9193f30
133,0x0c81d14aac44d238d61799f6b22ecd97975535dc
134,0x74c17b0d1df442d939b9baed98fc55bb9e3026e2
135,0x20f9bb3a340c5c8f82bf1875e61bc6ad523bab78
136,0x19a41ff79a69c80d25f17ca6e5d934cad2333452
137,0x19a41ff79a69c80d25f17ca6e5d934cad2333452
138,0x19a41ff79a69c80d25f17ca6e5d934cad2333452
139,0x20f9bb3a340c5c8f82bf1875e61bc6ad523bab78
140,0x0c81d14aac44d238d61799f6b22ecd97975535dc
141,0x67bbdde5dbac326a22a45078c8c2359ff67d3c44
142,0x67bbdde5dbac326a22a45078c8c2359ff67d3c44
143,0xb4c512558b951001f7fb636b966768fb0cd8ab41
144,0x0c81d14aac44d238d61799f6b22ecd97975535dc
145,0x71376e592b2e0a99cd79da0ead226e4f65f36f7f
146,0x00f466a2ef92ed2a0fbf66b339eb9fe5de17a1ed
147,0x00f466a2ef92ed2a0fbf66b339eb9fe5de17a1ed
148,0x1791aa7125b7773d7cd907a725f896a01c86920a
149,0x3c0b49b0b6b22a40f333c9d241ea7c08f5df6689
150,0x15dacdf3bdfa75f16e9d2ac14b7b5ab34a7ed49f
151,0x0dd781593bc0acb546896249078516ec644d6b07
152,0x2359df2afeea5023ab4dfd579266683985896e03
153,0x2359df2afeea5023ab4dfd579266683985896e03
154,0xf0de1f25389d3b60620f836e0b13d778a4ab5866
155,0x3c0b49b0b6b22a40f333c9d241ea7c08f5df6689
156,0xa9153ecd950a914e6f7ba88ea23972bdc89b9e1a
157,0x97a231520ae197ecea9f32bafe5460a0c7be58f3
158,0xa80f2a92c99855d93d907d6ca50369efbc32a96b
159,0xa4133f9680010ae494bd3fd0b99e0f3e5b701359
160,0x5a0c25c53127ce24681391022e164a37db16b78d
161,0xd6c5ef743b57d5d527693bd0ed02fd9cb2ac8b53
162,0xc77ce7493eb2740feda1eb6206d60c4f5b8b033c
163,0xc77ce7493eb2740feda1eb6206d60c4f5b8b033c
164,0xc77ce7493eb2740feda1eb6206d60c4f5b8b033c
165,0xc77ce7493eb2740feda1eb6206d60c4f5b8b033c
166,0xc77ce7493eb2740feda1eb6206d60c4f5b8b033c
167,0xc77ce7493eb2740feda1eb6206d60c4f5b8b033c
168,0x0c61f084434650459a94bcec8105bc48baff2d88
169,0xe991e57b965929727d7d3f7f817008b09e1a34a1
170,0x0944b34b9045583ef4fca540f929898f1f55d06c
171,0xf808b36bf5248bc99579ccef114fe1b157552297
172,0x0ddff36d2a8e8cc4af2cf768e3be348e2294b71b
173,0x0ddff36d2a8e8cc4af2cf768e3be348e2294b71b
174,0xcd9f961cf221bd3330cd7708194269b3ac36f87d
175,0x1f4bbf830a3cfa643a419e72c5293d64079b25b6
176,0xf9c5e1181c2cb98ac915de70675c2a0dfa720bbf
177,0x5ccb3b42238c1cd43660f4c12e04393c73ebadcc
178,0x365da189bddc34986b87c9cda467b52fb5f58738
179,0x04a11bb278c4541787ebe3e3757e8cb36b3686ff
180,0xe4cc63b2e48bddc3196752544f4107d7baf7335a
181,0x365da189bddc34986b87c9cda467b52fb5f58738
182,0x0aeae409940d3c055eac0cf4ef09e69ee8c1b797
183,0xb10a92b3e1a51a16c4b5f6e2671039d6b1612ca3
184,0x46e4e478becfcf55f570b2ca2e142abfb80acb9d
185,0x20f9bb3a340c5c8f82bf1875e61bc6ad523bab78
186,0x80bd0438d6cb8de09e4d94b719522ef4498941d2
187,0xcf49688378b1f34c18ae90e96a1d5a751622f1d2
188,0x4be3409ba0a728d6ae5da8b283780d0fde97775e
189,0x6ed61233a133b5c9dde251c7dfdb62d0860b8a23
190,0xa474e4a53a022828dc503cef7387c13918694157
191,0x60eaeb08a01bed2085bbc87863b1de376384349f
192,0x280cba9bb3bd5e222b75fd9d5ff0d3ec43f0d087
193,0x13790dffbde5e5f971dd7c6c43a59e7366c6bcb1
194,0x0ddff36d2a8e8cc4af2cf768e3be348e2294b71b
195,0xf808b36bf5248bc99579ccef114fe1b157552297
196,0xe7d386b19d3ca5da9aa3cef59ed8dadfbafe79a0
197,0xb80fa602f00073dccc0ab05c8301cb3721b04067
198,0x93fd826a0ba1a44574e59be3f2a8df8b44879c8f
199,0x6e3e9a160365c3f99cfedf0e22a238335978c048
200,0x47dee54b9bb0e0e39628dea48a9a18d24c115155
201,0x3679a7bb2e6cd29db030efad5c04f0b47e46c3a4
202,0x68713eb07deb2149d244f27a924fe68c00d19741
203,0xf1155b4dbbb5b482a09ec4c39335c65536119ee2
204,0x3480df3e352ced87157dbd4be470a89022a39d20
205,0xc6484ee9bac70c3e98a7142475a46bdd29e4d942
206,0x40e65a65e3d10acd09b0a000b37f232198301b40
207,0x0944b34b9045583ef4fca540f929898f1f55d06c
208,0x0944b34b9045583ef4fca540f929898f1f55d06c
209,0x0944b34b9045583ef4fca540f929898f1f55d06c
210,0xafebc1f0d7c88704d545f72ea902f1e7e8a96369
211,0x2d956b3549a2c96de1bb7e66aa2d50bb9d918f17
212,0x3e8d98da306484307c793a24967ae6afdeb23e6e
213,0x3e8d98da306484307c793a24967ae6afdeb23e6e
214,0x28abfc63fd1ff1c3af079dd8c0d9471594a58936
215,0xabb0bd1360234c633d2589df384e4cab0272ba17
216,0xb4f2df4db03f7558514ed3bdbb34d690261b2f69
217,0xfa9995f0e72727862d15a26388cf3a32d9b9ebf3
218,0xadc7212a6cc76ed62ed23d799c0c4d479575f890
219,0x29ba6c566c4afa6d52bb882a370df2bac3505ec6
220,0x8dc255531e656c86a1db84cf3418e0bd3b17ba92
221,0xf03c65fb6e7ccb0bfa7389914ce97b6c09f1fbea
222,0xd9a679deaa6057b78ffd498b85e2571e49bf5162
223,0x84acbe6efbd272136e6359e1cf2a0be90ae18d9c
224,0xbe81c4a7ad246b42d8d90e562963e4972a17d405
225,0x4e9fdcad7fb032cc1f8ac72b017810f7b2233abb
226,0xb9ad5a561d9c487cda3d1cbc0294dc339fb86a56
227,0xf82101438765a7d4900209631255df4d1451ecd9
228,"Fake_Phishing980
(0x66a6892477f9b48ed47f407b30dde754405e1910)"
229,0x3af4614f616d730e034e4b307727f8e0b1faa9fd
230,0x3af4614f616d730e034e4b307727f8e0b1faa9fd
231,0xe642122f47cdb9153424b98e068329de69d1d325
232,0x1071c62199b007ec75121c4b7bcef684d8c13bae
233,0x51ec5a068736e4524b52d3852bab72a9a628ab73
234,0xafd6ada9ae9da5b04986208da8643b73e45a5b14
235,0xd783631db3c6c54c6a462a9d07cccb5a4d437315
236,0x51ec5a068736e4524b52d3852bab72a9a628ab73
237,0xab3931426d4554639c454d107944c90d57a7ab80
238,0x5135fc53e5ddb2988d4d6d6009cba50348960cc6
239,0x549da7cd378d27c86f0e403de68a72eb39f4d760
240,0xe902869459cf458085420c77b70360c724d82f3f
241,0xb2ac1482ffc669cd80449ecd0e396dbeef4b60c7
242,0x324c641d6c52a905db5364e3ec86be216a7de4d3
243,0x9277bbf85cd74f5636f404a0a141b9cb6814258e
244,0x5f742187365367fc9552dd4fc80c4493f2189469
245,0x89e183fb09a830e4950194d60d768b06578279cf
246,0x90d71641f084c0f6d80029ec648d3703b98f9e61
247,0x356a75deedae2b3dc8ab0ac1b0b458eec0f0111e
248,0x6cb6fcd73c9f02b819c82b18a2f236076e1bcdf7
249,0xba0c47888b2e090dd0c79f00850819b797d4ac1b
250,0xafd6ada9ae9da5b04986208da8643b73e45a5b14
251,0x5f24d2137b54acb4bf599096a10d84a6e712c25e
252,0x6aaa7f5189ca775504051a3a14ee354df5b6e72a
253,0x7917cdffb3dc4641ee61b51cee15602d726d44cc
254,0x31942cf88cdd6bc306194188650f38f503c8f97a
255,0x3667fabee5c07958e4e0fb3fced58383503df6c7
256,0x7691469b81ae4402424f4253b68dfa4ebf60cf3b
257,0x536ee25c7eee2d3687ba565bb193950476bc7729
258,0x653c7859693c78637ca1269ee52a34986a4b44e5
259,0x821d931c07056925b5b1bbfd9c8ad0608a3ec116
260,0x14b915695e266908f1bebf316990c25ee4894c4d
261,0x5eb08b376add73af1f9bbdc76a9bb61c11020c12
262,0x81e545c4bd9e1770ad281b83507c72b904304d68
263,0x1f2cddbca6a27b0e15065364335ffa96cdc6692c
264,0x1ff2ded96fcc8738cb34053a20c3652731525aeb
265,0x5bd9aaacc6d3e2a646263a796cb89d4384c2b973
266,0x37bfc17436560dc8abefb261afcc3a26108cb9db
267,0xf88477b2748c218f394ce6d436a309aafcc32367
268,0xa9ced290838a7bab356b090bf4415424f4800f20
269,0x106655e5649d654816c25c138fa5816b92f53850
270,"Fake_Phishing2718
(0xa4a41d77c8c0882b08c6751841a68570a71a1edb)"
271,0xe9d51644af7272e6284143edce83e852c79df76b
272,0xcdc22860ff346ead18eca5e30f0d302a95f33a19
273,0x917816b29f9298e54e3ffa93ab1bdf36e8d345ea
274,0x086863325d36eb30ede02f9db15b509c8702bf52
275,0xa1cc60ca0f7c7403af70f9ae0598c23632554599
276,0x250c04d258a09e87bad1bf86d0cfccecf103a2dc
277,0x9a77eb4b06ae0d60bf57bcb0703e829d5ad13b7e
278,0x29f436906826a7d7ef0b35292b4f285050108082
279,0x96007d2bb64a83089f0cab37af230aa15bd49285
280,0x2d29e990a03527e965f1592371b4199232d6cec5
281,0x892e0077dac6cd87ba4ffe8bec935aaa9f92efab
282,0x7691469b81ae4402424f4253b68dfa4ebf60cf3b
283,0x0002eeb21a7ae96b41c26056883f692012a039c3
284,0x8d71742bee646653c38ffa45b891e7762b37ab3f
