0,0xe68082350257d960955bd982e7c72c44505c0cc7
1,0xe68082350257d960955bd982e7c72c44505c0cc7
2,0xe68082350257d960955bd982e7c72c44505c0cc7
3,0xe68082350257d960955bd982e7c72c44505c0cc7
4,0xe65fa86d7c876edd021fee57479cc301e0fb657b
5,0xb366ee6007d655b665d698d86f406622c15fda12
6,0xb366ee6007d655b665d698d86f406622c15fda12
7,0xb366ee6007d655b665d698d86f406622c15fda12
8,0xb366ee6007d655b665d698d86f406622c15fda12
9,0xb366ee6007d655b665d698d86f406622c15fda12
10,0xb366ee6007d655b665d698d86f406622c15fda12
