0,0xe5424cb21cc8cab3d825841574ef747c7d632b0c
1,0xa2e06a74eaccb799ad81d444e35ab5d1cda3a7f1
2,0xe5424cb21cc8cab3d825841574ef747c7d632b0c
3,0xe5424cb21cc8cab3d825841574ef747c7d632b0c
4,0xe5424cb21cc8cab3d825841574ef747c7d632b0c
5,0xe5424cb21cc8cab3d825841574ef747c7d632b0c
6,0xe5424cb21cc8cab3d825841574ef747c7d632b0c
7,0x91203d274617f4504d982b5e5bc34d1d72c8080b
8,0xe5424cb21cc8cab3d825841574ef747c7d632b0c
9,0x91203d274617f4504d982b5e5bc34d1d72c8080b
10,0xe5424cb21cc8cab3d825841574ef747c7d632b0c
11,0xe5424cb21cc8cab3d825841574ef747c7d632b0c
12,0xe5424cb21cc8cab3d825841574ef747c7d632b0c
13,0xa2e06a74eaccb799ad81d444e35ab5d1cda3a7f1
14,0x48e652f03bebea09c93f9d200bff89f26eb459af
15,0xe5424cb21cc8cab3d825841574ef747c7d632b0c
16,0xe5424cb21cc8cab3d825841574ef747c7d632b0c
17,0xe5424cb21cc8cab3d825841574ef747c7d632b0c
18,0x48e652f03bebea09c93f9d200bff89f26eb459af
19,0x48e652f03bebea09c93f9d200bff89f26eb459af
20,0x48e652f03bebea09c93f9d200bff89f26eb459af
21,0x48e652f03bebea09c93f9d200bff89f26eb459af
22,0xe85e68d1207d9323a75d4a0fdba08d3b4fee9075
23,0x48e652f03bebea09c93f9d200bff89f26eb459af
24,0xe5424cb21cc8cab3d825841574ef747c7d632b0c
25,0xe85e68d1207d9323a75d4a0fdba08d3b4fee9075
26,0xe5424cb21cc8cab3d825841574ef747c7d632b0c
27,0x48e652f03bebea09c93f9d200bff89f26eb459af
28,0xe5424cb21cc8cab3d825841574ef747c7d632b0c
29,0xe85e68d1207d9323a75d4a0fdba08d3b4fee9075
30,0xe85e68d1207d9323a75d4a0fdba08d3b4fee9075
31,0xe85e68d1207d9323a75d4a0fdba08d3b4fee9075
32,0xe85e68d1207d9323a75d4a0fdba08d3b4fee9075
33,0xe85e68d1207d9323a75d4a0fdba08d3b4fee9075
34,0xe85e68d1207d9323a75d4a0fdba08d3b4fee9075
35,0xe85e68d1207d9323a75d4a0fdba08d3b4fee9075
36,0xe5424cb21cc8cab3d825841574ef747c7d632b0c
37,0xe5424cb21cc8cab3d825841574ef747c7d632b0c
38,0xe5424cb21cc8cab3d825841574ef747c7d632b0c
39,0xe85e68d1207d9323a75d4a0fdba08d3b4fee9075
40,0xe85e68d1207d9323a75d4a0fdba08d3b4fee9075
41,0xe85e68d1207d9323a75d4a0fdba08d3b4fee9075
42,0xa2e06a74eaccb799ad81d444e35ab5d1cda3a7f1
43,0xe85e68d1207d9323a75d4a0fdba08d3b4fee9075
44,0xe85e68d1207d9323a75d4a0fdba08d3b4fee9075
45,0xe85e68d1207d9323a75d4a0fdba08d3b4fee9075
46,0xe85e68d1207d9323a75d4a0fdba08d3b4fee9075
47,0xe5424cb21cc8cab3d825841574ef747c7d632b0c
48,0xe5424cb21cc8cab3d825841574ef747c7d632b0c
49,0xe5424cb21cc8cab3d825841574ef747c7d632b0c
50,0xe5424cb21cc8cab3d825841574ef747c7d632b0c
51,0xe5424cb21cc8cab3d825841574ef747c7d632b0c
52,0xe85e68d1207d9323a75d4a0fdba08d3b4fee9075
53,0xe85e68d1207d9323a75d4a0fdba08d3b4fee9075
54,0xe5424cb21cc8cab3d825841574ef747c7d632b0c
55,0xe85e68d1207d9323a75d4a0fdba08d3b4fee9075
56,0xe85e68d1207d9323a75d4a0fdba08d3b4fee9075
57,0xe85e68d1207d9323a75d4a0fdba08d3b4fee9075
58,0xe85e68d1207d9323a75d4a0fdba08d3b4fee9075
59,0xe85e68d1207d9323a75d4a0fdba08d3b4fee9075
60,0xe5424cb21cc8cab3d825841574ef747c7d632b0c
61,0xe85e68d1207d9323a75d4a0fdba08d3b4fee9075
62,0xe85e68d1207d9323a75d4a0fdba08d3b4fee9075
63,0xe5424cb21cc8cab3d825841574ef747c7d632b0c
64,0xe5424cb21cc8cab3d825841574ef747c7d632b0c
65,0xe85e68d1207d9323a75d4a0fdba08d3b4fee9075
66,0xe85e68d1207d9323a75d4a0fdba08d3b4fee9075
67,0xe85e68d1207d9323a75d4a0fdba08d3b4fee9075
68,0xe5424cb21cc8cab3d825841574ef747c7d632b0c
69,0xe85e68d1207d9323a75d4a0fdba08d3b4fee9075
70,0xe85e68d1207d9323a75d4a0fdba08d3b4fee9075
71,0xe5424cb21cc8cab3d825841574ef747c7d632b0c
72,0xe5424cb21cc8cab3d825841574ef747c7d632b0c
73,0xe5424cb21cc8cab3d825841574ef747c7d632b0c
74,0xe5424cb21cc8cab3d825841574ef747c7d632b0c
75,0xe5424cb21cc8cab3d825841574ef747c7d632b0c
76,0xe5424cb21cc8cab3d825841574ef747c7d632b0c
77,0xe5424cb21cc8cab3d825841574ef747c7d632b0c
78,0xe5424cb21cc8cab3d825841574ef747c7d632b0c
79,0xe5424cb21cc8cab3d825841574ef747c7d632b0c
80,0xe5424cb21cc8cab3d825841574ef747c7d632b0c
81,0xe5424cb21cc8cab3d825841574ef747c7d632b0c
82,0xe5424cb21cc8cab3d825841574ef747c7d632b0c
83,0xe5424cb21cc8cab3d825841574ef747c7d632b0c
84,0xe5424cb21cc8cab3d825841574ef747c7d632b0c
85,0xe5424cb21cc8cab3d825841574ef747c7d632b0c
86,0xe5424cb21cc8cab3d825841574ef747c7d632b0c
87,0xe5424cb21cc8cab3d825841574ef747c7d632b0c
88,0xe5424cb21cc8cab3d825841574ef747c7d632b0c
89,0xe5424cb21cc8cab3d825841574ef747c7d632b0c
90,0xe85e68d1207d9323a75d4a0fdba08d3b4fee9075
91,0xe5424cb21cc8cab3d825841574ef747c7d632b0c
92,0xe5424cb21cc8cab3d825841574ef747c7d632b0c
93,0xe5424cb21cc8cab3d825841574ef747c7d632b0c
94,0xe85e68d1207d9323a75d4a0fdba08d3b4fee9075
95,0xe85e68d1207d9323a75d4a0fdba08d3b4fee9075
96,0xe85e68d1207d9323a75d4a0fdba08d3b4fee9075
97,0xe5424cb21cc8cab3d825841574ef747c7d632b0c
98,0xe5424cb21cc8cab3d825841574ef747c7d632b0c
99,0xe5424cb21cc8cab3d825841574ef747c7d632b0c
100,0xe85e68d1207d9323a75d4a0fdba08d3b4fee9075
101,0xe5424cb21cc8cab3d825841574ef747c7d632b0c
102,0xe85e68d1207d9323a75d4a0fdba08d3b4fee9075
103,0xe5424cb21cc8cab3d825841574ef747c7d632b0c
104,0xe5424cb21cc8cab3d825841574ef747c7d632b0c
105,0xe5424cb21cc8cab3d825841574ef747c7d632b0c
106,0xe5424cb21cc8cab3d825841574ef747c7d632b0c
107,0xe5424cb21cc8cab3d825841574ef747c7d632b0c
108,0xe85e68d1207d9323a75d4a0fdba08d3b4fee9075
109,0xe5424cb21cc8cab3d825841574ef747c7d632b0c
110,0xe85e68d1207d9323a75d4a0fdba08d3b4fee9075
111,0xe5424cb21cc8cab3d825841574ef747c7d632b0c
112,0xe85e68d1207d9323a75d4a0fdba08d3b4fee9075
113,0xe85e68d1207d9323a75d4a0fdba08d3b4fee9075
114,0xe85e68d1207d9323a75d4a0fdba08d3b4fee9075
115,0xe85e68d1207d9323a75d4a0fdba08d3b4fee9075
116,0xe5424cb21cc8cab3d825841574ef747c7d632b0c
117,0xe85e68d1207d9323a75d4a0fdba08d3b4fee9075
118,0xe85e68d1207d9323a75d4a0fdba08d3b4fee9075
119,0xe85e68d1207d9323a75d4a0fdba08d3b4fee9075
120,0xe85e68d1207d9323a75d4a0fdba08d3b4fee9075
121,0xe85e68d1207d9323a75d4a0fdba08d3b4fee9075
122,0xe85e68d1207d9323a75d4a0fdba08d3b4fee9075
123,0xe85e68d1207d9323a75d4a0fdba08d3b4fee9075
124,0xe85e68d1207d9323a75d4a0fdba08d3b4fee9075
125,0xe85e68d1207d9323a75d4a0fdba08d3b4fee9075
126,0xe85e68d1207d9323a75d4a0fdba08d3b4fee9075
127,0xe85e68d1207d9323a75d4a0fdba08d3b4fee9075
128,0xe85e68d1207d9323a75d4a0fdba08d3b4fee9075
129,0xe85e68d1207d9323a75d4a0fdba08d3b4fee9075
130,0xe5424cb21cc8cab3d825841574ef747c7d632b0c
131,0xe5424cb21cc8cab3d825841574ef747c7d632b0c
132,0xe5424cb21cc8cab3d825841574ef747c7d632b0c
133,0xe5424cb21cc8cab3d825841574ef747c7d632b0c
134,0xe5424cb21cc8cab3d825841574ef747c7d632b0c
135,0xe5424cb21cc8cab3d825841574ef747c7d632b0c
136,0xe5424cb21cc8cab3d825841574ef747c7d632b0c
137,0xe85e68d1207d9323a75d4a0fdba08d3b4fee9075
138,0xe85e68d1207d9323a75d4a0fdba08d3b4fee9075
139,0xe85e68d1207d9323a75d4a0fdba08d3b4fee9075
140,0xe85e68d1207d9323a75d4a0fdba08d3b4fee9075
141,0xe85e68d1207d9323a75d4a0fdba08d3b4fee9075
142,0xe5424cb21cc8cab3d825841574ef747c7d632b0c
143,0xe5424cb21cc8cab3d825841574ef747c7d632b0c
144,0xe5424cb21cc8cab3d825841574ef747c7d632b0c
145,0xe85e68d1207d9323a75d4a0fdba08d3b4fee9075
146,0xe85e68d1207d9323a75d4a0fdba08d3b4fee9075
147,0xe85e68d1207d9323a75d4a0fdba08d3b4fee9075
148,0xe85e68d1207d9323a75d4a0fdba08d3b4fee9075
149,0xe85e68d1207d9323a75d4a0fdba08d3b4fee9075
150,0xe85e68d1207d9323a75d4a0fdba08d3b4fee9075
151,0xe85e68d1207d9323a75d4a0fdba08d3b4fee9075
152,0xe85e68d1207d9323a75d4a0fdba08d3b4fee9075
153,0xe85e68d1207d9323a75d4a0fdba08d3b4fee9075
154,0xe85e68d1207d9323a75d4a0fdba08d3b4fee9075
155,0xe85e68d1207d9323a75d4a0fdba08d3b4fee9075
156,0xe85e68d1207d9323a75d4a0fdba08d3b4fee9075
157,0xe85e68d1207d9323a75d4a0fdba08d3b4fee9075
158,0xe85e68d1207d9323a75d4a0fdba08d3b4fee9075
159,0xe85e68d1207d9323a75d4a0fdba08d3b4fee9075
160,0xe85e68d1207d9323a75d4a0fdba08d3b4fee9075
161,0xe85e68d1207d9323a75d4a0fdba08d3b4fee9075
162,0xe85e68d1207d9323a75d4a0fdba08d3b4fee9075
163,0xe85e68d1207d9323a75d4a0fdba08d3b4fee9075
164,0xe5424cb21cc8cab3d825841574ef747c7d632b0c
165,0xe5424cb21cc8cab3d825841574ef747c7d632b0c
166,0xe5424cb21cc8cab3d825841574ef747c7d632b0c
167,0xe85e68d1207d9323a75d4a0fdba08d3b4fee9075
168,0x694d7286652f9703de02861ad016de2dd4373b15
169,0xe85e68d1207d9323a75d4a0fdba08d3b4fee9075
170,0xe85e68d1207d9323a75d4a0fdba08d3b4fee9075
171,0xe85e68d1207d9323a75d4a0fdba08d3b4fee9075
172,0xa2e06a74eaccb799ad81d444e35ab5d1cda3a7f1
173,0xa2e06a74eaccb799ad81d444e35ab5d1cda3a7f1
174,0xa2e06a74eaccb799ad81d444e35ab5d1cda3a7f1
175,0xe5424cb21cc8cab3d825841574ef747c7d632b0c
176,0xe5424cb21cc8cab3d825841574ef747c7d632b0c
177,0xe5424cb21cc8cab3d825841574ef747c7d632b0c
178,0xe5424cb21cc8cab3d825841574ef747c7d632b0c
179,0xe5424cb21cc8cab3d825841574ef747c7d632b0c
180,0xe5424cb21cc8cab3d825841574ef747c7d632b0c
181,0xe5424cb21cc8cab3d825841574ef747c7d632b0c
182,0xe5424cb21cc8cab3d825841574ef747c7d632b0c
183,0xe85e68d1207d9323a75d4a0fdba08d3b4fee9075
184,0xe85e68d1207d9323a75d4a0fdba08d3b4fee9075
185,0xe5424cb21cc8cab3d825841574ef747c7d632b0c
186,0xe5424cb21cc8cab3d825841574ef747c7d632b0c
187,0xe85e68d1207d9323a75d4a0fdba08d3b4fee9075
188,0xe5424cb21cc8cab3d825841574ef747c7d632b0c
189,0xe5424cb21cc8cab3d825841574ef747c7d632b0c
190,0xe5424cb21cc8cab3d825841574ef747c7d632b0c
191,0xe5424cb21cc8cab3d825841574ef747c7d632b0c
192,0xe5424cb21cc8cab3d825841574ef747c7d632b0c
193,0xe5424cb21cc8cab3d825841574ef747c7d632b0c
194,0xe5424cb21cc8cab3d825841574ef747c7d632b0c
195,0xe5424cb21cc8cab3d825841574ef747c7d632b0c
196,0xe85e68d1207d9323a75d4a0fdba08d3b4fee9075
197,0xe5424cb21cc8cab3d825841574ef747c7d632b0c
198,0xe5424cb21cc8cab3d825841574ef747c7d632b0c
199,0xe5424cb21cc8cab3d825841574ef747c7d632b0c
200,0xe5424cb21cc8cab3d825841574ef747c7d632b0c
201,0xe5424cb21cc8cab3d825841574ef747c7d632b0c
202,0xe5424cb21cc8cab3d825841574ef747c7d632b0c
203,0xe5424cb21cc8cab3d825841574ef747c7d632b0c
204,0xe5424cb21cc8cab3d825841574ef747c7d632b0c
205,0xe5424cb21cc8cab3d825841574ef747c7d632b0c
206,0xa2e06a74eaccb799ad81d444e35ab5d1cda3a7f1
207,0xe85e68d1207d9323a75d4a0fdba08d3b4fee9075
208,0xe85e68d1207d9323a75d4a0fdba08d3b4fee9075
209,0xe85e68d1207d9323a75d4a0fdba08d3b4fee9075
210,0xe85e68d1207d9323a75d4a0fdba08d3b4fee9075
211,0xe5424cb21cc8cab3d825841574ef747c7d632b0c
212,0xe85e68d1207d9323a75d4a0fdba08d3b4fee9075
213,0xe5424cb21cc8cab3d825841574ef747c7d632b0c
214,0xe5424cb21cc8cab3d825841574ef747c7d632b0c
215,0xe5424cb21cc8cab3d825841574ef747c7d632b0c
216,0xe5424cb21cc8cab3d825841574ef747c7d632b0c
217,0xe5424cb21cc8cab3d825841574ef747c7d632b0c
218,0xe5424cb21cc8cab3d825841574ef747c7d632b0c
219,0xe5424cb21cc8cab3d825841574ef747c7d632b0c
220,0xe5424cb21cc8cab3d825841574ef747c7d632b0c
221,0xe5424cb21cc8cab3d825841574ef747c7d632b0c
222,0xe5424cb21cc8cab3d825841574ef747c7d632b0c
223,0xe5424cb21cc8cab3d825841574ef747c7d632b0c
224,0xe5424cb21cc8cab3d825841574ef747c7d632b0c
225,0xe5424cb21cc8cab3d825841574ef747c7d632b0c
226,0xe5424cb21cc8cab3d825841574ef747c7d632b0c
227,0xe5424cb21cc8cab3d825841574ef747c7d632b0c
228,0xe5424cb21cc8cab3d825841574ef747c7d632b0c
229,0xe5424cb21cc8cab3d825841574ef747c7d632b0c
230,0xe5424cb21cc8cab3d825841574ef747c7d632b0c
231,0xe5424cb21cc8cab3d825841574ef747c7d632b0c
232,0xe5424cb21cc8cab3d825841574ef747c7d632b0c
233,0xa2e06a74eaccb799ad81d444e35ab5d1cda3a7f1
234,0xe5424cb21cc8cab3d825841574ef747c7d632b0c
235,0xe5424cb21cc8cab3d825841574ef747c7d632b0c
236,0xdf33589d2f116b333f1dc1f76d54b440f622660a
237,0xe5424cb21cc8cab3d825841574ef747c7d632b0c
238,0xe5424cb21cc8cab3d825841574ef747c7d632b0c
239,0xe5424cb21cc8cab3d825841574ef747c7d632b0c
240,0xe5424cb21cc8cab3d825841574ef747c7d632b0c
241,0xe5424cb21cc8cab3d825841574ef747c7d632b0c
242,0xe5424cb21cc8cab3d825841574ef747c7d632b0c
243,0xe5424cb21cc8cab3d825841574ef747c7d632b0c
244,0xe5424cb21cc8cab3d825841574ef747c7d632b0c
245,0xe5424cb21cc8cab3d825841574ef747c7d632b0c
246,0xe5424cb21cc8cab3d825841574ef747c7d632b0c
247,0xe5424cb21cc8cab3d825841574ef747c7d632b0c
248,0xe5424cb21cc8cab3d825841574ef747c7d632b0c
249,0xe5424cb21cc8cab3d825841574ef747c7d632b0c
250,0xe5424cb21cc8cab3d825841574ef747c7d632b0c
251,0xe5424cb21cc8cab3d825841574ef747c7d632b0c
252,0xe5424cb21cc8cab3d825841574ef747c7d632b0c
253,0xa2e06a74eaccb799ad81d444e35ab5d1cda3a7f1
254,0xa2e06a74eaccb799ad81d444e35ab5d1cda3a7f1
255,0xe5424cb21cc8cab3d825841574ef747c7d632b0c
256,0xa2e06a74eaccb799ad81d444e35ab5d1cda3a7f1
257,0xa2e06a74eaccb799ad81d444e35ab5d1cda3a7f1
258,0xe5424cb21cc8cab3d825841574ef747c7d632b0c
259,0xe5424cb21cc8cab3d825841574ef747c7d632b0c
260,0xe5424cb21cc8cab3d825841574ef747c7d632b0c
261,0xe5424cb21cc8cab3d825841574ef747c7d632b0c
262,0xe5424cb21cc8cab3d825841574ef747c7d632b0c
263,0xe5424cb21cc8cab3d825841574ef747c7d632b0c
264,0xe5424cb21cc8cab3d825841574ef747c7d632b0c
265,0xe5424cb21cc8cab3d825841574ef747c7d632b0c
266,0xe5424cb21cc8cab3d825841574ef747c7d632b0c
267,0xe5424cb21cc8cab3d825841574ef747c7d632b0c
268,0xe5424cb21cc8cab3d825841574ef747c7d632b0c
269,0xe5424cb21cc8cab3d825841574ef747c7d632b0c
270,0xa2e06a74eaccb799ad81d444e35ab5d1cda3a7f1
271,0xe5424cb21cc8cab3d825841574ef747c7d632b0c
272,0xe5424cb21cc8cab3d825841574ef747c7d632b0c
273,0xe5424cb21cc8cab3d825841574ef747c7d632b0c
274,0xe5424cb21cc8cab3d825841574ef747c7d632b0c
275,0xe5424cb21cc8cab3d825841574ef747c7d632b0c
276,0xe85e68d1207d9323a75d4a0fdba08d3b4fee9075
277,0xe5424cb21cc8cab3d825841574ef747c7d632b0c
278,0xe5424cb21cc8cab3d825841574ef747c7d632b0c
279,0xe5424cb21cc8cab3d825841574ef747c7d632b0c
280,0xe5424cb21cc8cab3d825841574ef747c7d632b0c
281,0xe5424cb21cc8cab3d825841574ef747c7d632b0c
282,0xe5424cb21cc8cab3d825841574ef747c7d632b0c
283,0xe5424cb21cc8cab3d825841574ef747c7d632b0c
284,0xe5424cb21cc8cab3d825841574ef747c7d632b0c
285,0xa2e06a74eaccb799ad81d444e35ab5d1cda3a7f1
286,0xa2e06a74eaccb799ad81d444e35ab5d1cda3a7f1
287,0xe5424cb21cc8cab3d825841574ef747c7d632b0c
288,0xe5424cb21cc8cab3d825841574ef747c7d632b0c
289,0xe5424cb21cc8cab3d825841574ef747c7d632b0c
290,0xdf33589d2f116b333f1dc1f76d54b440f622660a
291,0xe5424cb21cc8cab3d825841574ef747c7d632b0c
292,0xe5424cb21cc8cab3d825841574ef747c7d632b0c
293,0xe5424cb21cc8cab3d825841574ef747c7d632b0c
294,0xe5424cb21cc8cab3d825841574ef747c7d632b0c
295,0xe5424cb21cc8cab3d825841574ef747c7d632b0c
296,0xe5424cb21cc8cab3d825841574ef747c7d632b0c
297,0xe5424cb21cc8cab3d825841574ef747c7d632b0c
298,0xe5424cb21cc8cab3d825841574ef747c7d632b0c
299,0xe5424cb21cc8cab3d825841574ef747c7d632b0c
300,0xdf33589d2f116b333f1dc1f76d54b440f622660a
301,0xa2e06a74eaccb799ad81d444e35ab5d1cda3a7f1
302,0xe5424cb21cc8cab3d825841574ef747c7d632b0c
303,0xe5424cb21cc8cab3d825841574ef747c7d632b0c
304,0xe5424cb21cc8cab3d825841574ef747c7d632b0c
305,0xe85e68d1207d9323a75d4a0fdba08d3b4fee9075
306,0xe5424cb21cc8cab3d825841574ef747c7d632b0c
307,0xe5424cb21cc8cab3d825841574ef747c7d632b0c
308,0xdf33589d2f116b333f1dc1f76d54b440f622660a
309,0xe5424cb21cc8cab3d825841574ef747c7d632b0c
310,0xe5424cb21cc8cab3d825841574ef747c7d632b0c
311,0xe5424cb21cc8cab3d825841574ef747c7d632b0c
312,0xe5424cb21cc8cab3d825841574ef747c7d632b0c
313,0xdf33589d2f116b333f1dc1f76d54b440f622660a
314,0xe5424cb21cc8cab3d825841574ef747c7d632b0c
315,0xe5424cb21cc8cab3d825841574ef747c7d632b0c
316,0xdf33589d2f116b333f1dc1f76d54b440f622660a
317,0xe5424cb21cc8cab3d825841574ef747c7d632b0c
