0,0x4fa1728b8e015c117f6f723e9b6b99ee2f063142
1,0x4fa1728b8e015c117f6f723e9b6b99ee2f063142
2,0x4fa1728b8e015c117f6f723e9b6b99ee2f063142
3,0x3d050add851a7e2f6ee7b77a9226cab66c366ba4
4,0x3d050add851a7e2f6ee7b77a9226cab66c366ba4
5,0x3d050add851a7e2f6ee7b77a9226cab66c366ba4
6,0x3d050add851a7e2f6ee7b77a9226cab66c366ba4
7,0x3d050add851a7e2f6ee7b77a9226cab66c366ba4
8,0x3d050add851a7e2f6ee7b77a9226cab66c366ba4
9,0x3d050add851a7e2f6ee7b77a9226cab66c366ba4
10,0x3d050add851a7e2f6ee7b77a9226cab66c366ba4
11,0x3d050add851a7e2f6ee7b77a9226cab66c366ba4
12,0x3d050add851a7e2f6ee7b77a9226cab66c366ba4
13,0x3d050add851a7e2f6ee7b77a9226cab66c366ba4
14,0x3d050add851a7e2f6ee7b77a9226cab66c366ba4
15,0x3d050add851a7e2f6ee7b77a9226cab66c366ba4
16,0x3d050add851a7e2f6ee7b77a9226cab66c366ba4
17,0x3d050add851a7e2f6ee7b77a9226cab66c366ba4
18,0x3d050add851a7e2f6ee7b77a9226cab66c366ba4
19,0x3d050add851a7e2f6ee7b77a9226cab66c366ba4
20,0x3d050add851a7e2f6ee7b77a9226cab66c366ba4
21,0x3d050add851a7e2f6ee7b77a9226cab66c366ba4
22,0x3d050add851a7e2f6ee7b77a9226cab66c366ba4
23,0x3d050add851a7e2f6ee7b77a9226cab66c366ba4
24,0x3d050add851a7e2f6ee7b77a9226cab66c366ba4
25,0x3d050add851a7e2f6ee7b77a9226cab66c366ba4
26,0x3d050add851a7e2f6ee7b77a9226cab66c366ba4
27,0x3d050add851a7e2f6ee7b77a9226cab66c366ba4
28,0x3d050add851a7e2f6ee7b77a9226cab66c366ba4
29,0x3d050add851a7e2f6ee7b77a9226cab66c366ba4
30,0x3d050add851a7e2f6ee7b77a9226cab66c366ba4
31,0x3d050add851a7e2f6ee7b77a9226cab66c366ba4
32,0x3d050add851a7e2f6ee7b77a9226cab66c366ba4
33,0x3d050add851a7e2f6ee7b77a9226cab66c366ba4
34,0x3d050add851a7e2f6ee7b77a9226cab66c366ba4
35,0x3d050add851a7e2f6ee7b77a9226cab66c366ba4
36,0x3d050add851a7e2f6ee7b77a9226cab66c366ba4
37,0x3d050add851a7e2f6ee7b77a9226cab66c366ba4
38,0x3d050add851a7e2f6ee7b77a9226cab66c366ba4
39,0x3d050add851a7e2f6ee7b77a9226cab66c366ba4
40,0x3d050add851a7e2f6ee7b77a9226cab66c366ba4
41,0x3d050add851a7e2f6ee7b77a9226cab66c366ba4
42,0x3d050add851a7e2f6ee7b77a9226cab66c366ba4
43,0x3d050add851a7e2f6ee7b77a9226cab66c366ba4
44,0x3d050add851a7e2f6ee7b77a9226cab66c366ba4
45,0x3d050add851a7e2f6ee7b77a9226cab66c366ba4
46,0x3d050add851a7e2f6ee7b77a9226cab66c366ba4
47,0x3d050add851a7e2f6ee7b77a9226cab66c366ba4
48,0x3d050add851a7e2f6ee7b77a9226cab66c366ba4
49,0x3d050add851a7e2f6ee7b77a9226cab66c366ba4
50,0x3d050add851a7e2f6ee7b77a9226cab66c366ba4
51,0x3d050add851a7e2f6ee7b77a9226cab66c366ba4
52,0x3d050add851a7e2f6ee7b77a9226cab66c366ba4
53,0x3d050add851a7e2f6ee7b77a9226cab66c366ba4
54,0x3d050add851a7e2f6ee7b77a9226cab66c366ba4
55,0x3d050add851a7e2f6ee7b77a9226cab66c366ba4
56,0x3d050add851a7e2f6ee7b77a9226cab66c366ba4
57,0x3d050add851a7e2f6ee7b77a9226cab66c366ba4
58,0x3d050add851a7e2f6ee7b77a9226cab66c366ba4
59,0x3d050add851a7e2f6ee7b77a9226cab66c366ba4
60,0x3d050add851a7e2f6ee7b77a9226cab66c366ba4
61,0x3d050add851a7e2f6ee7b77a9226cab66c366ba4
62,0x3d050add851a7e2f6ee7b77a9226cab66c366ba4
63,0x3d050add851a7e2f6ee7b77a9226cab66c366ba4
64,0x3d050add851a7e2f6ee7b77a9226cab66c366ba4
65,0x3d050add851a7e2f6ee7b77a9226cab66c366ba4
66,0x3d050add851a7e2f6ee7b77a9226cab66c366ba4
67,0x3d050add851a7e2f6ee7b77a9226cab66c366ba4
68,0x3d050add851a7e2f6ee7b77a9226cab66c366ba4
69,0x3d050add851a7e2f6ee7b77a9226cab66c366ba4
70,0x3d050add851a7e2f6ee7b77a9226cab66c366ba4
71,0x3d050add851a7e2f6ee7b77a9226cab66c366ba4
72,0x3d050add851a7e2f6ee7b77a9226cab66c366ba4
73,0x3d050add851a7e2f6ee7b77a9226cab66c366ba4
74,0x3d050add851a7e2f6ee7b77a9226cab66c366ba4
75,0x3d050add851a7e2f6ee7b77a9226cab66c366ba4
76,0x3d050add851a7e2f6ee7b77a9226cab66c366ba4
77,0x3d050add851a7e2f6ee7b77a9226cab66c366ba4
78,0x3d050add851a7e2f6ee7b77a9226cab66c366ba4
79,0x3d050add851a7e2f6ee7b77a9226cab66c366ba4
80,0x3d050add851a7e2f6ee7b77a9226cab66c366ba4
81,0x3d050add851a7e2f6ee7b77a9226cab66c366ba4
82,0x3d050add851a7e2f6ee7b77a9226cab66c366ba4
83,0x3d050add851a7e2f6ee7b77a9226cab66c366ba4
84,0x3d050add851a7e2f6ee7b77a9226cab66c366ba4
85,0x3d050add851a7e2f6ee7b77a9226cab66c366ba4
86,0x3d050add851a7e2f6ee7b77a9226cab66c366ba4
87,0x3d050add851a7e2f6ee7b77a9226cab66c366ba4
88,0x3d050add851a7e2f6ee7b77a9226cab66c366ba4
89,0x3d050add851a7e2f6ee7b77a9226cab66c366ba4
90,0x3d050add851a7e2f6ee7b77a9226cab66c366ba4
91,0x3d050add851a7e2f6ee7b77a9226cab66c366ba4
92,0x3d050add851a7e2f6ee7b77a9226cab66c366ba4
93,0x3d050add851a7e2f6ee7b77a9226cab66c366ba4
94,0x3d050add851a7e2f6ee7b77a9226cab66c366ba4
95,0x3d050add851a7e2f6ee7b77a9226cab66c366ba4
96,0x3d050add851a7e2f6ee7b77a9226cab66c366ba4
97,0x3d050add851a7e2f6ee7b77a9226cab66c366ba4
98,0x3d050add851a7e2f6ee7b77a9226cab66c366ba4
99,0x3d050add851a7e2f6ee7b77a9226cab66c366ba4
100,0x3d050add851a7e2f6ee7b77a9226cab66c366ba4
101,0x3d050add851a7e2f6ee7b77a9226cab66c366ba4
102,0x3d050add851a7e2f6ee7b77a9226cab66c366ba4
103,0x3d050add851a7e2f6ee7b77a9226cab66c366ba4
104,0x3d050add851a7e2f6ee7b77a9226cab66c366ba4
105,0x3d050add851a7e2f6ee7b77a9226cab66c366ba4
106,0x3d050add851a7e2f6ee7b77a9226cab66c366ba4
107,0x3d050add851a7e2f6ee7b77a9226cab66c366ba4
108,0x3d050add851a7e2f6ee7b77a9226cab66c366ba4
109,0x3d050add851a7e2f6ee7b77a9226cab66c366ba4
110,0x3d050add851a7e2f6ee7b77a9226cab66c366ba4
111,0x3d050add851a7e2f6ee7b77a9226cab66c366ba4
112,0x3d050add851a7e2f6ee7b77a9226cab66c366ba4
113,0x3d050add851a7e2f6ee7b77a9226cab66c366ba4
114,0x3d050add851a7e2f6ee7b77a9226cab66c366ba4
115,0x3d050add851a7e2f6ee7b77a9226cab66c366ba4
116,0x3d050add851a7e2f6ee7b77a9226cab66c366ba4
117,0x3d050add851a7e2f6ee7b77a9226cab66c366ba4
118,0x3d050add851a7e2f6ee7b77a9226cab66c366ba4
119,0x3d050add851a7e2f6ee7b77a9226cab66c366ba4
120,0x3d050add851a7e2f6ee7b77a9226cab66c366ba4
121,0x3d050add851a7e2f6ee7b77a9226cab66c366ba4
122,0x3d050add851a7e2f6ee7b77a9226cab66c366ba4
123,0x3d050add851a7e2f6ee7b77a9226cab66c366ba4
124,0x3d050add851a7e2f6ee7b77a9226cab66c366ba4
125,0x3d050add851a7e2f6ee7b77a9226cab66c366ba4
126,0x3d050add851a7e2f6ee7b77a9226cab66c366ba4
127,0x3d050add851a7e2f6ee7b77a9226cab66c366ba4
128,0x3d050add851a7e2f6ee7b77a9226cab66c366ba4
129,0x3d050add851a7e2f6ee7b77a9226cab66c366ba4
130,0x3d050add851a7e2f6ee7b77a9226cab66c366ba4
131,0x3d050add851a7e2f6ee7b77a9226cab66c366ba4
132,0x3d050add851a7e2f6ee7b77a9226cab66c366ba4
133,0x3d050add851a7e2f6ee7b77a9226cab66c366ba4
134,0x3d050add851a7e2f6ee7b77a9226cab66c366ba4
135,0x3d050add851a7e2f6ee7b77a9226cab66c366ba4
136,0x3d050add851a7e2f6ee7b77a9226cab66c366ba4
137,0x3d050add851a7e2f6ee7b77a9226cab66c366ba4
138,0x3d050add851a7e2f6ee7b77a9226cab66c366ba4
139,0x3d050add851a7e2f6ee7b77a9226cab66c366ba4
140,0x3d050add851a7e2f6ee7b77a9226cab66c366ba4
141,0x3d050add851a7e2f6ee7b77a9226cab66c366ba4
142,0x3d050add851a7e2f6ee7b77a9226cab66c366ba4
143,0x3d050add851a7e2f6ee7b77a9226cab66c366ba4
144,0x3d050add851a7e2f6ee7b77a9226cab66c366ba4
145,0x3d050add851a7e2f6ee7b77a9226cab66c366ba4
146,0x3d050add851a7e2f6ee7b77a9226cab66c366ba4
147,0x3d050add851a7e2f6ee7b77a9226cab66c366ba4
148,0x3d050add851a7e2f6ee7b77a9226cab66c366ba4
149,0x3d050add851a7e2f6ee7b77a9226cab66c366ba4
150,0x3d050add851a7e2f6ee7b77a9226cab66c366ba4
151,0x3d050add851a7e2f6ee7b77a9226cab66c366ba4
152,0x3d050add851a7e2f6ee7b77a9226cab66c366ba4
153,0x3d050add851a7e2f6ee7b77a9226cab66c366ba4
154,0x3d050add851a7e2f6ee7b77a9226cab66c366ba4
155,0x3d050add851a7e2f6ee7b77a9226cab66c366ba4
156,0x3d050add851a7e2f6ee7b77a9226cab66c366ba4
157,0x3d050add851a7e2f6ee7b77a9226cab66c366ba4
158,0x3d050add851a7e2f6ee7b77a9226cab66c366ba4
159,0x3d050add851a7e2f6ee7b77a9226cab66c366ba4
160,0x3d050add851a7e2f6ee7b77a9226cab66c366ba4
161,0x3d050add851a7e2f6ee7b77a9226cab66c366ba4
162,0x3d050add851a7e2f6ee7b77a9226cab66c366ba4
163,0x3d050add851a7e2f6ee7b77a9226cab66c366ba4
164,0x3d050add851a7e2f6ee7b77a9226cab66c366ba4
165,0x3d050add851a7e2f6ee7b77a9226cab66c366ba4
166,0x3d050add851a7e2f6ee7b77a9226cab66c366ba4
167,0x3d050add851a7e2f6ee7b77a9226cab66c366ba4
168,0x3d050add851a7e2f6ee7b77a9226cab66c366ba4
169,0x3d050add851a7e2f6ee7b77a9226cab66c366ba4
170,0x3d050add851a7e2f6ee7b77a9226cab66c366ba4
171,0x3d050add851a7e2f6ee7b77a9226cab66c366ba4
172,0x3d050add851a7e2f6ee7b77a9226cab66c366ba4
173,0x3d050add851a7e2f6ee7b77a9226cab66c366ba4
174,0x3d050add851a7e2f6ee7b77a9226cab66c366ba4
175,0x3d050add851a7e2f6ee7b77a9226cab66c366ba4
176,0x3d050add851a7e2f6ee7b77a9226cab66c366ba4
177,0x3d050add851a7e2f6ee7b77a9226cab66c366ba4
178,0x3d050add851a7e2f6ee7b77a9226cab66c366ba4
179,0x3d050add851a7e2f6ee7b77a9226cab66c366ba4
180,0x3d050add851a7e2f6ee7b77a9226cab66c366ba4
181,0x3d050add851a7e2f6ee7b77a9226cab66c366ba4
182,0x3d050add851a7e2f6ee7b77a9226cab66c366ba4
183,0x3d050add851a7e2f6ee7b77a9226cab66c366ba4
184,0x3d050add851a7e2f6ee7b77a9226cab66c366ba4
185,0x3d050add851a7e2f6ee7b77a9226cab66c366ba4
186,0x3d050add851a7e2f6ee7b77a9226cab66c366ba4
187,0x3d050add851a7e2f6ee7b77a9226cab66c366ba4
188,0x3d050add851a7e2f6ee7b77a9226cab66c366ba4
189,0x3d050add851a7e2f6ee7b77a9226cab66c366ba4
190,0x3d050add851a7e2f6ee7b77a9226cab66c366ba4
191,0x3d050add851a7e2f6ee7b77a9226cab66c366ba4
192,0x3d050add851a7e2f6ee7b77a9226cab66c366ba4
193,0x3d050add851a7e2f6ee7b77a9226cab66c366ba4
194,0x3d050add851a7e2f6ee7b77a9226cab66c366ba4
195,0x3d050add851a7e2f6ee7b77a9226cab66c366ba4
196,0x3d050add851a7e2f6ee7b77a9226cab66c366ba4
197,0x3d050add851a7e2f6ee7b77a9226cab66c366ba4
198,0x3d050add851a7e2f6ee7b77a9226cab66c366ba4
199,0x3d050add851a7e2f6ee7b77a9226cab66c366ba4
200,0x3d050add851a7e2f6ee7b77a9226cab66c366ba4
201,0x3d050add851a7e2f6ee7b77a9226cab66c366ba4
202,0x3d050add851a7e2f6ee7b77a9226cab66c366ba4
203,0x3d050add851a7e2f6ee7b77a9226cab66c366ba4
204,0x3d050add851a7e2f6ee7b77a9226cab66c366ba4
205,0x3d050add851a7e2f6ee7b77a9226cab66c366ba4
206,0x3d050add851a7e2f6ee7b77a9226cab66c366ba4
207,0x3d050add851a7e2f6ee7b77a9226cab66c366ba4
208,0x3d050add851a7e2f6ee7b77a9226cab66c366ba4
209,0x3d050add851a7e2f6ee7b77a9226cab66c366ba4
210,0x3d050add851a7e2f6ee7b77a9226cab66c366ba4
211,0x3d050add851a7e2f6ee7b77a9226cab66c366ba4
