0,0x2c6fe61cd54710472e3595493192efed3851e061
1,0x2c6fe61cd54710472e3595493192efed3851e061
2,0x2c6fe61cd54710472e3595493192efed3851e061
3,0x2c6fe61cd54710472e3595493192efed3851e061
4,0x2c6fe61cd54710472e3595493192efed3851e061
5,0x2c6fe61cd54710472e3595493192efed3851e061
6,0x2c6fe61cd54710472e3595493192efed3851e061
7,0x2c6fe61cd54710472e3595493192efed3851e061
8,0x2c6fe61cd54710472e3595493192efed3851e061
9,0x2c6fe61cd54710472e3595493192efed3851e061
10,0x2c6fe61cd54710472e3595493192efed3851e061
11,0x2c6fe61cd54710472e3595493192efed3851e061
12,0x2c6fe61cd54710472e3595493192efed3851e061
13,0x2c6fe61cd54710472e3595493192efed3851e061
14,0x2c6fe61cd54710472e3595493192efed3851e061
15,0x2c6fe61cd54710472e3595493192efed3851e061
16,0x2c6fe61cd54710472e3595493192efed3851e061
17,0x2c6fe61cd54710472e3595493192efed3851e061
18,0x2c6fe61cd54710472e3595493192efed3851e061
19,0x2c6fe61cd54710472e3595493192efed3851e061
20,0x2c6fe61cd54710472e3595493192efed3851e061
21,0x2c6fe61cd54710472e3595493192efed3851e061
22,0x2c6fe61cd54710472e3595493192efed3851e061
23,0x2c6fe61cd54710472e3595493192efed3851e061
24,0x2c6fe61cd54710472e3595493192efed3851e061
25,0x2c6fe61cd54710472e3595493192efed3851e061
26,0x2c6fe61cd54710472e3595493192efed3851e061
27,0x2c6fe61cd54710472e3595493192efed3851e061
28,0x2c6fe61cd54710472e3595493192efed3851e061
29,0x2c6fe61cd54710472e3595493192efed3851e061
30,0x2c6fe61cd54710472e3595493192efed3851e061
31,0x2c6fe61cd54710472e3595493192efed3851e061
32,0x2c6fe61cd54710472e3595493192efed3851e061
33,0x2c6fe61cd54710472e3595493192efed3851e061
34,0x2c6fe61cd54710472e3595493192efed3851e061
35,0x2c6fe61cd54710472e3595493192efed3851e061
36,0x2c6fe61cd54710472e3595493192efed3851e061
37,0x2c6fe61cd54710472e3595493192efed3851e061
38,0x2c6fe61cd54710472e3595493192efed3851e061
39,0x2c6fe61cd54710472e3595493192efed3851e061
40,0x2c6fe61cd54710472e3595493192efed3851e061
41,0x2c6fe61cd54710472e3595493192efed3851e061
42,0x2c6fe61cd54710472e3595493192efed3851e061
43,0x2c6fe61cd54710472e3595493192efed3851e061
44,0x2c6fe61cd54710472e3595493192efed3851e061
45,0x2c6fe61cd54710472e3595493192efed3851e061
46,0x2c6fe61cd54710472e3595493192efed3851e061
47,0x2c6fe61cd54710472e3595493192efed3851e061
48,0x2c6fe61cd54710472e3595493192efed3851e061
49,0x2c6fe61cd54710472e3595493192efed3851e061
50,0x2c6fe61cd54710472e3595493192efed3851e061
51,0x2c6fe61cd54710472e3595493192efed3851e061
52,0x2c6fe61cd54710472e3595493192efed3851e061
53,0x2c6fe61cd54710472e3595493192efed3851e061
54,0x2c6fe61cd54710472e3595493192efed3851e061
55,0x2c6fe61cd54710472e3595493192efed3851e061
56,0x2c6fe61cd54710472e3595493192efed3851e061
57,0x2c6fe61cd54710472e3595493192efed3851e061
58,0x2c6fe61cd54710472e3595493192efed3851e061
59,0x2c6fe61cd54710472e3595493192efed3851e061
60,0x2c6fe61cd54710472e3595493192efed3851e061
61,0x2c6fe61cd54710472e3595493192efed3851e061
62,0x2c6fe61cd54710472e3595493192efed3851e061
63,0x2c6fe61cd54710472e3595493192efed3851e061
64,0x2c6fe61cd54710472e3595493192efed3851e061
65,0x2c6fe61cd54710472e3595493192efed3851e061
66,0x2c6fe61cd54710472e3595493192efed3851e061
67,0x2c6fe61cd54710472e3595493192efed3851e061
68,0x2c6fe61cd54710472e3595493192efed3851e061
69,0x2c6fe61cd54710472e3595493192efed3851e061
70,0x2c6fe61cd54710472e3595493192efed3851e061
71,0x2c6fe61cd54710472e3595493192efed3851e061
72,0x2c6fe61cd54710472e3595493192efed3851e061
73,0x2c6fe61cd54710472e3595493192efed3851e061
74,0x2c6fe61cd54710472e3595493192efed3851e061
75,0x2c6fe61cd54710472e3595493192efed3851e061
76,0x2c6fe61cd54710472e3595493192efed3851e061
77,0x2c6fe61cd54710472e3595493192efed3851e061
78,0x2c6fe61cd54710472e3595493192efed3851e061
79,0x2c6fe61cd54710472e3595493192efed3851e061
80,0x2c6fe61cd54710472e3595493192efed3851e061
81,0x2c6fe61cd54710472e3595493192efed3851e061
82,0x2c6fe61cd54710472e3595493192efed3851e061
83,0x2c6fe61cd54710472e3595493192efed3851e061
84,0x2c6fe61cd54710472e3595493192efed3851e061
85,0x2c6fe61cd54710472e3595493192efed3851e061
86,0x2c6fe61cd54710472e3595493192efed3851e061
87,0x2c6fe61cd54710472e3595493192efed3851e061
88,0x2c6fe61cd54710472e3595493192efed3851e061
89,0x2c6fe61cd54710472e3595493192efed3851e061
90,0x2c6fe61cd54710472e3595493192efed3851e061
91,0x2c6fe61cd54710472e3595493192efed3851e061
92,0x2c6fe61cd54710472e3595493192efed3851e061
93,0x2c6fe61cd54710472e3595493192efed3851e061
94,0x2c6fe61cd54710472e3595493192efed3851e061
95,0x2c6fe61cd54710472e3595493192efed3851e061
96,0x2c6fe61cd54710472e3595493192efed3851e061
97,0x2c6fe61cd54710472e3595493192efed3851e061
98,0x2c6fe61cd54710472e3595493192efed3851e061
99,0x2c6fe61cd54710472e3595493192efed3851e061
100,0x2c6fe61cd54710472e3595493192efed3851e061
101,0x2c6fe61cd54710472e3595493192efed3851e061
102,0x2c6fe61cd54710472e3595493192efed3851e061
103,0x2c6fe61cd54710472e3595493192efed3851e061
104,0x2c6fe61cd54710472e3595493192efed3851e061
105,0x2c6fe61cd54710472e3595493192efed3851e061
106,0x2c6fe61cd54710472e3595493192efed3851e061
107,0x2c6fe61cd54710472e3595493192efed3851e061
108,0x2c6fe61cd54710472e3595493192efed3851e061
109,0x2c6fe61cd54710472e3595493192efed3851e061
110,0x2c6fe61cd54710472e3595493192efed3851e061
111,0x2c6fe61cd54710472e3595493192efed3851e061
112,0x2c6fe61cd54710472e3595493192efed3851e061
113,0x2c6fe61cd54710472e3595493192efed3851e061
114,0x2c6fe61cd54710472e3595493192efed3851e061
115,0x2c6fe61cd54710472e3595493192efed3851e061
116,0x2c6fe61cd54710472e3595493192efed3851e061
117,0x2c6fe61cd54710472e3595493192efed3851e061
118,0x2c6fe61cd54710472e3595493192efed3851e061
119,0x2c6fe61cd54710472e3595493192efed3851e061
120,0x2c6fe61cd54710472e3595493192efed3851e061
121,0x2c6fe61cd54710472e3595493192efed3851e061
122,0x2c6fe61cd54710472e3595493192efed3851e061
123,0x2c6fe61cd54710472e3595493192efed3851e061
124,0x2c6fe61cd54710472e3595493192efed3851e061
125,0x2c6fe61cd54710472e3595493192efed3851e061
126,0x2c6fe61cd54710472e3595493192efed3851e061
127,0x2c6fe61cd54710472e3595493192efed3851e061
128,0x2c6fe61cd54710472e3595493192efed3851e061
129,0x2c6fe61cd54710472e3595493192efed3851e061
130,0x2c6fe61cd54710472e3595493192efed3851e061
131,0x2c6fe61cd54710472e3595493192efed3851e061
132,0x2c6fe61cd54710472e3595493192efed3851e061
133,0x2c6fe61cd54710472e3595493192efed3851e061
134,0x2c6fe61cd54710472e3595493192efed3851e061
135,0x2c6fe61cd54710472e3595493192efed3851e061
136,0x2c6fe61cd54710472e3595493192efed3851e061
137,0x2c6fe61cd54710472e3595493192efed3851e061
138,0x2c6fe61cd54710472e3595493192efed3851e061
139,0x2c6fe61cd54710472e3595493192efed3851e061
140,0x2c6fe61cd54710472e3595493192efed3851e061
141,0x2c6fe61cd54710472e3595493192efed3851e061
142,0x2c6fe61cd54710472e3595493192efed3851e061
143,0x2c6fe61cd54710472e3595493192efed3851e061
144,0x2c6fe61cd54710472e3595493192efed3851e061
145,0x2c6fe61cd54710472e3595493192efed3851e061
146,0x2c6fe61cd54710472e3595493192efed3851e061
147,0x2c6fe61cd54710472e3595493192efed3851e061
148,0x2c6fe61cd54710472e3595493192efed3851e061
149,0x2c6fe61cd54710472e3595493192efed3851e061
150,0x2c6fe61cd54710472e3595493192efed3851e061
151,0x2c6fe61cd54710472e3595493192efed3851e061
152,0x2c6fe61cd54710472e3595493192efed3851e061
153,0x2c6fe61cd54710472e3595493192efed3851e061
154,0x2c6fe61cd54710472e3595493192efed3851e061
155,0x2c6fe61cd54710472e3595493192efed3851e061
156,0x2c6fe61cd54710472e3595493192efed3851e061
157,0x2c6fe61cd54710472e3595493192efed3851e061
158,0x2c6fe61cd54710472e3595493192efed3851e061
159,0x2c6fe61cd54710472e3595493192efed3851e061
160,0x2c6fe61cd54710472e3595493192efed3851e061
161,0x2c6fe61cd54710472e3595493192efed3851e061
162,0x2c6fe61cd54710472e3595493192efed3851e061
163,0x2c6fe61cd54710472e3595493192efed3851e061
164,0x2c6fe61cd54710472e3595493192efed3851e061
165,0x2c6fe61cd54710472e3595493192efed3851e061
166,0x2c6fe61cd54710472e3595493192efed3851e061
167,0x2c6fe61cd54710472e3595493192efed3851e061
168,0x2c6fe61cd54710472e3595493192efed3851e061
169,0x2c6fe61cd54710472e3595493192efed3851e061
170,0x2c6fe61cd54710472e3595493192efed3851e061
171,0x2c6fe61cd54710472e3595493192efed3851e061
172,0x2c6fe61cd54710472e3595493192efed3851e061
173,0x2c6fe61cd54710472e3595493192efed3851e061
174,0x2c6fe61cd54710472e3595493192efed3851e061
175,0x2c6fe61cd54710472e3595493192efed3851e061
176,0x2c6fe61cd54710472e3595493192efed3851e061
177,0x2c6fe61cd54710472e3595493192efed3851e061
178,0x2c6fe61cd54710472e3595493192efed3851e061
179,0x2c6fe61cd54710472e3595493192efed3851e061
180,0x2c6fe61cd54710472e3595493192efed3851e061
181,0x2c6fe61cd54710472e3595493192efed3851e061
182,0x2c6fe61cd54710472e3595493192efed3851e061
183,0x2c6fe61cd54710472e3595493192efed3851e061
184,0x2c6fe61cd54710472e3595493192efed3851e061
185,0x2c6fe61cd54710472e3595493192efed3851e061
186,0x2c6fe61cd54710472e3595493192efed3851e061
187,0x2c6fe61cd54710472e3595493192efed3851e061
188,0x2c6fe61cd54710472e3595493192efed3851e061
189,0x2c6fe61cd54710472e3595493192efed3851e061
190,0x2c6fe61cd54710472e3595493192efed3851e061
191,0x2c6fe61cd54710472e3595493192efed3851e061
192,0x2c6fe61cd54710472e3595493192efed3851e061
193,0x2c6fe61cd54710472e3595493192efed3851e061
194,0x2c6fe61cd54710472e3595493192efed3851e061
195,0x2c6fe61cd54710472e3595493192efed3851e061
196,0x2c6fe61cd54710472e3595493192efed3851e061
197,0x2c6fe61cd54710472e3595493192efed3851e061
198,0x2c6fe61cd54710472e3595493192efed3851e061
199,0x2c6fe61cd54710472e3595493192efed3851e061
200,0x2c6fe61cd54710472e3595493192efed3851e061
201,0x2c6fe61cd54710472e3595493192efed3851e061
202,0x2c6fe61cd54710472e3595493192efed3851e061
203,0x2c6fe61cd54710472e3595493192efed3851e061
204,0x2c6fe61cd54710472e3595493192efed3851e061
205,0x2c6fe61cd54710472e3595493192efed3851e061
206,0x2c6fe61cd54710472e3595493192efed3851e061
207,0x2c6fe61cd54710472e3595493192efed3851e061
208,0x2c6fe61cd54710472e3595493192efed3851e061
209,0x2c6fe61cd54710472e3595493192efed3851e061
210,0x2c6fe61cd54710472e3595493192efed3851e061
211,0x2c6fe61cd54710472e3595493192efed3851e061
212,0x2c6fe61cd54710472e3595493192efed3851e061
213,0x2c6fe61cd54710472e3595493192efed3851e061
214,0x2c6fe61cd54710472e3595493192efed3851e061
215,0x2c6fe61cd54710472e3595493192efed3851e061
216,0x2c6fe61cd54710472e3595493192efed3851e061
217,0x2c6fe61cd54710472e3595493192efed3851e061
218,0x2c6fe61cd54710472e3595493192efed3851e061
219,0x2c6fe61cd54710472e3595493192efed3851e061
220,0x2c6fe61cd54710472e3595493192efed3851e061
221,0x2c6fe61cd54710472e3595493192efed3851e061
222,0x2c6fe61cd54710472e3595493192efed3851e061
223,0x2c6fe61cd54710472e3595493192efed3851e061
224,0x2c6fe61cd54710472e3595493192efed3851e061
225,0x2c6fe61cd54710472e3595493192efed3851e061
226,0x2c6fe61cd54710472e3595493192efed3851e061
227,0x2c6fe61cd54710472e3595493192efed3851e061
228,0x2c6fe61cd54710472e3595493192efed3851e061
229,0x2c6fe61cd54710472e3595493192efed3851e061
230,0x2c6fe61cd54710472e3595493192efed3851e061
231,0x2c6fe61cd54710472e3595493192efed3851e061
232,0x2c6fe61cd54710472e3595493192efed3851e061
233,0x2c6fe61cd54710472e3595493192efed3851e061
234,0x2c6fe61cd54710472e3595493192efed3851e061
235,0x2c6fe61cd54710472e3595493192efed3851e061
236,0x2c6fe61cd54710472e3595493192efed3851e061
237,0x2c6fe61cd54710472e3595493192efed3851e061
238,0x2c6fe61cd54710472e3595493192efed3851e061
239,0x2c6fe61cd54710472e3595493192efed3851e061
240,0x2c6fe61cd54710472e3595493192efed3851e061
241,0x2c6fe61cd54710472e3595493192efed3851e061
242,0x2c6fe61cd54710472e3595493192efed3851e061
243,0x2c6fe61cd54710472e3595493192efed3851e061
244,0x2c6fe61cd54710472e3595493192efed3851e061
245,0x2c6fe61cd54710472e3595493192efed3851e061
246,0x2c6fe61cd54710472e3595493192efed3851e061
247,0x2c6fe61cd54710472e3595493192efed3851e061
248,0x2c6fe61cd54710472e3595493192efed3851e061
249,0x2c6fe61cd54710472e3595493192efed3851e061
250,0x2c6fe61cd54710472e3595493192efed3851e061
251,0x2c6fe61cd54710472e3595493192efed3851e061
252,0x2c6fe61cd54710472e3595493192efed3851e061
253,0x2c6fe61cd54710472e3595493192efed3851e061
254,0x2c6fe61cd54710472e3595493192efed3851e061
255,0x2c6fe61cd54710472e3595493192efed3851e061
256,0x2c6fe61cd54710472e3595493192efed3851e061
257,0x2c6fe61cd54710472e3595493192efed3851e061
258,0x2c6fe61cd54710472e3595493192efed3851e061
259,0x2c6fe61cd54710472e3595493192efed3851e061
260,0x2c6fe61cd54710472e3595493192efed3851e061
261,0x2c6fe61cd54710472e3595493192efed3851e061
262,0x2c6fe61cd54710472e3595493192efed3851e061
263,0x2c6fe61cd54710472e3595493192efed3851e061
264,0x2c6fe61cd54710472e3595493192efed3851e061
265,0x2c6fe61cd54710472e3595493192efed3851e061
266,0x2c6fe61cd54710472e3595493192efed3851e061
267,0x2c6fe61cd54710472e3595493192efed3851e061
268,0x2c6fe61cd54710472e3595493192efed3851e061
269,0x2c6fe61cd54710472e3595493192efed3851e061
270,0x2c6fe61cd54710472e3595493192efed3851e061
271,0x2c6fe61cd54710472e3595493192efed3851e061
272,0x2c6fe61cd54710472e3595493192efed3851e061
273,0x2c6fe61cd54710472e3595493192efed3851e061
274,0x2c6fe61cd54710472e3595493192efed3851e061
275,0x2c6fe61cd54710472e3595493192efed3851e061
276,0x2c6fe61cd54710472e3595493192efed3851e061
277,0x2c6fe61cd54710472e3595493192efed3851e061
278,0x2c6fe61cd54710472e3595493192efed3851e061
279,0x2c6fe61cd54710472e3595493192efed3851e061
280,0x2c6fe61cd54710472e3595493192efed3851e061
281,0x2c6fe61cd54710472e3595493192efed3851e061
282,0x2c6fe61cd54710472e3595493192efed3851e061
283,0x2c6fe61cd54710472e3595493192efed3851e061
284,0x2c6fe61cd54710472e3595493192efed3851e061
285,0x2c6fe61cd54710472e3595493192efed3851e061
286,0x2c6fe61cd54710472e3595493192efed3851e061
287,0x2c6fe61cd54710472e3595493192efed3851e061
288,0x2c6fe61cd54710472e3595493192efed3851e061
289,0x2c6fe61cd54710472e3595493192efed3851e061
290,0x2c6fe61cd54710472e3595493192efed3851e061
291,0x2c6fe61cd54710472e3595493192efed3851e061
292,0x2c6fe61cd54710472e3595493192efed3851e061
293,0x2c6fe61cd54710472e3595493192efed3851e061
294,0x2c6fe61cd54710472e3595493192efed3851e061
295,0x2c6fe61cd54710472e3595493192efed3851e061
296,0x2c6fe61cd54710472e3595493192efed3851e061
297,0x2c6fe61cd54710472e3595493192efed3851e061
298,0x2c6fe61cd54710472e3595493192efed3851e061
299,0x2c6fe61cd54710472e3595493192efed3851e061
300,0x2c6fe61cd54710472e3595493192efed3851e061
301,0x2c6fe61cd54710472e3595493192efed3851e061
302,0x2c6fe61cd54710472e3595493192efed3851e061
303,0x4a15f980b88b0154844b0d114c082100ce7d72f1
304,0x4a15f980b88b0154844b0d114c082100ce7d72f1
305,0x2c6fe61cd54710472e3595493192efed3851e061
306,0x2c6fe61cd54710472e3595493192efed3851e061
307,0x2c6fe61cd54710472e3595493192efed3851e061
308,0x2c6fe61cd54710472e3595493192efed3851e061
309,0x2c6fe61cd54710472e3595493192efed3851e061
310,0x2c6fe61cd54710472e3595493192efed3851e061
311,0x2c6fe61cd54710472e3595493192efed3851e061
312,0x2c6fe61cd54710472e3595493192efed3851e061
313,0x2c6fe61cd54710472e3595493192efed3851e061
314,0x2c6fe61cd54710472e3595493192efed3851e061
315,0x2c6fe61cd54710472e3595493192efed3851e061
316,0x2c6fe61cd54710472e3595493192efed3851e061
317,0x2c6fe61cd54710472e3595493192efed3851e061
318,0x2c6fe61cd54710472e3595493192efed3851e061
319,0x2c6fe61cd54710472e3595493192efed3851e061
320,0x2c6fe61cd54710472e3595493192efed3851e061
321,0x2c6fe61cd54710472e3595493192efed3851e061
322,0x2c6fe61cd54710472e3595493192efed3851e061
323,0x2c6fe61cd54710472e3595493192efed3851e061
324,0x2c6fe61cd54710472e3595493192efed3851e061
325,0x2c6fe61cd54710472e3595493192efed3851e061
326,0x2c6fe61cd54710472e3595493192efed3851e061
327,0x2c6fe61cd54710472e3595493192efed3851e061
328,0x2c6fe61cd54710472e3595493192efed3851e061
329,0x2c6fe61cd54710472e3595493192efed3851e061
330,0x2c6fe61cd54710472e3595493192efed3851e061
331,0x2c6fe61cd54710472e3595493192efed3851e061
332,0x2c6fe61cd54710472e3595493192efed3851e061
333,0x2c6fe61cd54710472e3595493192efed3851e061
334,0x2c6fe61cd54710472e3595493192efed3851e061
335,0x2c6fe61cd54710472e3595493192efed3851e061
336,0x2c6fe61cd54710472e3595493192efed3851e061
337,0x2c6fe61cd54710472e3595493192efed3851e061
338,0x2c6fe61cd54710472e3595493192efed3851e061
339,0x2c6fe61cd54710472e3595493192efed3851e061
340,0x2c6fe61cd54710472e3595493192efed3851e061
341,0x2c6fe61cd54710472e3595493192efed3851e061
342,0x2c6fe61cd54710472e3595493192efed3851e061
343,0x2c6fe61cd54710472e3595493192efed3851e061
344,0x2c6fe61cd54710472e3595493192efed3851e061
345,0x2c6fe61cd54710472e3595493192efed3851e061
346,0x2c6fe61cd54710472e3595493192efed3851e061
347,0x2c6fe61cd54710472e3595493192efed3851e061
