0,"Autonio Foundation: Deployer
(0x952b3cba812321a10e49e1c86132e701b54fa7e0)"
1,0x2201068be2fafc281dbef45b1b51337868815cc9
2,0x142a2892fb922620594c5a60f62453a9b2a42cad
3,0x4031dfddaf163ac762eb449b32c365e98f97271a
4,0x142a2892fb922620594c5a60f62453a9b2a42cad
5,0x4f7e8219f2ca71939dcaaf294237082fad5fd136
6,0x3c75b6d8c222e6fb6e337215ac6ea3b9f117abe4
7,0x335834ad9d8702617a388b7072f5a70553e4c99f
8,0x1931653087bb9f41ef66d73544926165f00843ca
9,0x8e569f4aca8ecfd233a6802c4c063ba7336803d5
10,0xca215a2925c48f74d135dbbe0dfc62c705cc016f
11,0x6435d84fed60f0ea57ab0f337b4d766f10b30a82
12,0x7a543c5ae74cb6d358b5808392ca19316635dfc1
13,0x7a543c5ae74cb6d358b5808392ca19316635dfc1
14,0x6435d84fed60f0ea57ab0f337b4d766f10b30a82
15,0x88da58de232b4dd2c34e99043caaeae77c42f381
16,"Autonio Foundation: Deployer
(0x952b3cba812321a10e49e1c86132e701b54fa7e0)"
17,0x2ff4d83d13fb20b88614fbe38aaceaadad9d53fc
18,"Autonio Foundation: Deployer
(0x952b3cba812321a10e49e1c86132e701b54fa7e0)"
19,0x1b3c28d4718feff841fb34cb99d178506ebf99d9
20,0x6cadf6d49c79b99b45f170a5a1e1c136b3e5517a
21,0x147d1ed45b368ab4a0191ff65f54f89758254414
22,0x6d0bb9bce2f4c33228a8c1031c51cdbc88f4ffce
23,0x6d0bb9bce2f4c33228a8c1031c51cdbc88f4ffce
24,0x6d0bb9bce2f4c33228a8c1031c51cdbc88f4ffce
25,0x6d0bb9bce2f4c33228a8c1031c51cdbc88f4ffce
26,0x4020f54c8ebc42dd3700b1992ca594348460ac84
27,"Autonio Foundation: Deployer
(0x952b3cba812321a10e49e1c86132e701b54fa7e0)"
28,0x6435d84fed60f0ea57ab0f337b4d766f10b30a82
29,0x6435d84fed60f0ea57ab0f337b4d766f10b30a82
30,0x4f7e8219f2ca71939dcaaf294237082fad5fd136
31,0x4f7e8219f2ca71939dcaaf294237082fad5fd136
32,0x4f7e8219f2ca71939dcaaf294237082fad5fd136
33,0x142a2892fb922620594c5a60f62453a9b2a42cad
