0,0xd7cd4ab4b6580a642d1a8ad78a60b12eeb07d6da
1,0xd7cd4ab4b6580a642d1a8ad78a60b12eeb07d6da
2,0xd7cd4ab4b6580a642d1a8ad78a60b12eeb07d6da
3,0xd7cd4ab4b6580a642d1a8ad78a60b12eeb07d6da
4,0xd7cd4ab4b6580a642d1a8ad78a60b12eeb07d6da
5,0xd7cd4ab4b6580a642d1a8ad78a60b12eeb07d6da
6,0xd7cd4ab4b6580a642d1a8ad78a60b12eeb07d6da
7,0xd7cd4ab4b6580a642d1a8ad78a60b12eeb07d6da
8,0xd7cd4ab4b6580a642d1a8ad78a60b12eeb07d6da
9,0xd7cd4ab4b6580a642d1a8ad78a60b12eeb07d6da
10,0xd7cd4ab4b6580a642d1a8ad78a60b12eeb07d6da
11,0x19092b23a8d4abec5bb77eeb0e4c82504ab7cb21
12,0x19092b23a8d4abec5bb77eeb0e4c82504ab7cb21
