0,0x00a15056034ceffe6b0f3b8ac9c5d75fd20a7046
1,0x7fe1b301d44480f986bd495ee04b97156c9e5fa1
2,0x7fe1b301d44480f986bd495ee04b97156c9e5fa1
3,0x7fe1b301d44480f986bd495ee04b97156c9e5fa1
4,0x7fe1b301d44480f986bd495ee04b97156c9e5fa1
5,0x7fe1b301d44480f986bd495ee04b97156c9e5fa1
6,0x7fe1b301d44480f986bd495ee04b97156c9e5fa1
7,0x7fe1b301d44480f986bd495ee04b97156c9e5fa1
8,0x7fe1b301d44480f986bd495ee04b97156c9e5fa1
9,0x7fe1b301d44480f986bd495ee04b97156c9e5fa1
10,0x7fe1b301d44480f986bd495ee04b97156c9e5fa1
11,0x7fe1b301d44480f986bd495ee04b97156c9e5fa1
12,0x7fe1b301d44480f986bd495ee04b97156c9e5fa1
13,0x7fe1b301d44480f986bd495ee04b97156c9e5fa1
14,0x7fe1b301d44480f986bd495ee04b97156c9e5fa1
15,0x7fe1b301d44480f986bd495ee04b97156c9e5fa1
16,0x7fe1b301d44480f986bd495ee04b97156c9e5fa1
17,0x7fe1b301d44480f986bd495ee04b97156c9e5fa1
18,0x7fe1b301d44480f986bd495ee04b97156c9e5fa1
19,0x7fe1b301d44480f986bd495ee04b97156c9e5fa1
20,0x7fe1b301d44480f986bd495ee04b97156c9e5fa1
21,0x7fe1b301d44480f986bd495ee04b97156c9e5fa1
22,0x7fe1b301d44480f986bd495ee04b97156c9e5fa1
23,0x7fe1b301d44480f986bd495ee04b97156c9e5fa1
24,0x7fe1b301d44480f986bd495ee04b97156c9e5fa1
25,0x7fe1b301d44480f986bd495ee04b97156c9e5fa1
26,0x7fe1b301d44480f986bd495ee04b97156c9e5fa1
27,0x7fe1b301d44480f986bd495ee04b97156c9e5fa1
28,0x7fe1b301d44480f986bd495ee04b97156c9e5fa1
29,0x7fe1b301d44480f986bd495ee04b97156c9e5fa1
30,0x7fe1b301d44480f986bd495ee04b97156c9e5fa1
31,0x7fe1b301d44480f986bd495ee04b97156c9e5fa1
32,0x00461d3fae7a25d748f7adaaa504d1a590d35dbe
33,0x92694d5c7e2655e3f358130ebd0e7db3fbd3e455
34,0x92f21ac5b0c57bf1109d02a99280ad07e4858068
35,0x7fe1b301d44480f986bd495ee04b97156c9e5fa1
36,0x7fe1b301d44480f986bd495ee04b97156c9e5fa1
37,0x7fe1b301d44480f986bd495ee04b97156c9e5fa1
38,0x7fe1b301d44480f986bd495ee04b97156c9e5fa1
39,0x7fe1b301d44480f986bd495ee04b97156c9e5fa1
40,0x7fe1b301d44480f986bd495ee04b97156c9e5fa1
41,0x7fe1b301d44480f986bd495ee04b97156c9e5fa1
42,0x7fe1b301d44480f986bd495ee04b97156c9e5fa1
43,0x7fe1b301d44480f986bd495ee04b97156c9e5fa1
44,0x7fe1b301d44480f986bd495ee04b97156c9e5fa1
45,0x7fe1b301d44480f986bd495ee04b97156c9e5fa1
46,0x7fe1b301d44480f986bd495ee04b97156c9e5fa1
47,0x7fe1b301d44480f986bd495ee04b97156c9e5fa1
48,0x7fe1b301d44480f986bd495ee04b97156c9e5fa1
49,0x7fe1b301d44480f986bd495ee04b97156c9e5fa1
50,0x00461d3fae7a25d748f7adaaa504d1a590d35dbe
51,0x596c3ff477f6069e4c9fff48e0767661be0fee43
