0,0x2aed738cb067cd336de8fa96d3f041494ef018ea
1,0x2aed738cb067cd336de8fa96d3f041494ef018ea
2,0x2aed738cb067cd336de8fa96d3f041494ef018ea
3,0x2aed738cb067cd336de8fa96d3f041494ef018ea
4,0x23bf4446eb0850fec9b76f5f5b1bc3a0c959da04
5,0x794a22f7cbda965b84e16ff69c5e1d283319408b
6,0x2aed738cb067cd336de8fa96d3f041494ef018ea
7,0x2aed738cb067cd336de8fa96d3f041494ef018ea
8,0x2aed738cb067cd336de8fa96d3f041494ef018ea
9,0x23bf4446eb0850fec9b76f5f5b1bc3a0c959da04
10,0x2aed738cb067cd336de8fa96d3f041494ef018ea
11,0x2aed738cb067cd336de8fa96d3f041494ef018ea
12,0x23bf4446eb0850fec9b76f5f5b1bc3a0c959da04
13,0x2aed738cb067cd336de8fa96d3f041494ef018ea
14,0x0a6b6853244a397fb481927556a882bb8b3fc4dc
15,0x2bff1e0de12f0c924c4fb778bad509ba940c4fbe
16,0x2aed738cb067cd336de8fa96d3f041494ef018ea
17,0x2aed738cb067cd336de8fa96d3f041494ef018ea
18,0x2aed738cb067cd336de8fa96d3f041494ef018ea
19,0x2aed738cb067cd336de8fa96d3f041494ef018ea
20,0x2aed738cb067cd336de8fa96d3f041494ef018ea
21,0x2aed738cb067cd336de8fa96d3f041494ef018ea
22,0x2aed738cb067cd336de8fa96d3f041494ef018ea
23,0x2aed738cb067cd336de8fa96d3f041494ef018ea
24,0x2aed738cb067cd336de8fa96d3f041494ef018ea
25,0x2aed738cb067cd336de8fa96d3f041494ef018ea
26,0x2aed738cb067cd336de8fa96d3f041494ef018ea
27,0x2aed738cb067cd336de8fa96d3f041494ef018ea
28,0x2aed738cb067cd336de8fa96d3f041494ef018ea
29,0x2aed738cb067cd336de8fa96d3f041494ef018ea
30,0x2aed738cb067cd336de8fa96d3f041494ef018ea
31,0x2aed738cb067cd336de8fa96d3f041494ef018ea
32,0x2aed738cb067cd336de8fa96d3f041494ef018ea
33,0x2aed738cb067cd336de8fa96d3f041494ef018ea
34,0x2aed738cb067cd336de8fa96d3f041494ef018ea
35,0x2aed738cb067cd336de8fa96d3f041494ef018ea
36,0x2aed738cb067cd336de8fa96d3f041494ef018ea
37,0x2aed738cb067cd336de8fa96d3f041494ef018ea
38,0x2aed738cb067cd336de8fa96d3f041494ef018ea
39,0x2aed738cb067cd336de8fa96d3f041494ef018ea
40,0x2aed738cb067cd336de8fa96d3f041494ef018ea
41,0x2aed738cb067cd336de8fa96d3f041494ef018ea
42,0x2aed738cb067cd336de8fa96d3f041494ef018ea
43,0x2aed738cb067cd336de8fa96d3f041494ef018ea
44,0x2aed738cb067cd336de8fa96d3f041494ef018ea
45,0x2aed738cb067cd336de8fa96d3f041494ef018ea
46,0x2aed738cb067cd336de8fa96d3f041494ef018ea
47,0x2aed738cb067cd336de8fa96d3f041494ef018ea
48,0x2aed738cb067cd336de8fa96d3f041494ef018ea
49,0x2aed738cb067cd336de8fa96d3f041494ef018ea
50,0x2aed738cb067cd336de8fa96d3f041494ef018ea
51,0x2aed738cb067cd336de8fa96d3f041494ef018ea
52,0x2aed738cb067cd336de8fa96d3f041494ef018ea
53,0x2aed738cb067cd336de8fa96d3f041494ef018ea
54,0x2aed738cb067cd336de8fa96d3f041494ef018ea
55,0x2aed738cb067cd336de8fa96d3f041494ef018ea
56,0x2aed738cb067cd336de8fa96d3f041494ef018ea
57,0x2aed738cb067cd336de8fa96d3f041494ef018ea
58,0x2aed738cb067cd336de8fa96d3f041494ef018ea
59,0x2aed738cb067cd336de8fa96d3f041494ef018ea
60,0x2aed738cb067cd336de8fa96d3f041494ef018ea
61,0x2aed738cb067cd336de8fa96d3f041494ef018ea
62,0x2aed738cb067cd336de8fa96d3f041494ef018ea
63,0x2aed738cb067cd336de8fa96d3f041494ef018ea
64,0x2aed738cb067cd336de8fa96d3f041494ef018ea
65,0x2aed738cb067cd336de8fa96d3f041494ef018ea
66,0x2aed738cb067cd336de8fa96d3f041494ef018ea
67,0x2aed738cb067cd336de8fa96d3f041494ef018ea
68,0x2aed738cb067cd336de8fa96d3f041494ef018ea
69,0x2aed738cb067cd336de8fa96d3f041494ef018ea
70,0x2aed738cb067cd336de8fa96d3f041494ef018ea
71,0x2aed738cb067cd336de8fa96d3f041494ef018ea
72,0x2aed738cb067cd336de8fa96d3f041494ef018ea
73,0x2aed738cb067cd336de8fa96d3f041494ef018ea
74,0x2aed738cb067cd336de8fa96d3f041494ef018ea
75,0x2aed738cb067cd336de8fa96d3f041494ef018ea
76,0x2aed738cb067cd336de8fa96d3f041494ef018ea
77,0x2aed738cb067cd336de8fa96d3f041494ef018ea
78,0x2aed738cb067cd336de8fa96d3f041494ef018ea
79,0x2aed738cb067cd336de8fa96d3f041494ef018ea
80,0x2aed738cb067cd336de8fa96d3f041494ef018ea
81,0x2aed738cb067cd336de8fa96d3f041494ef018ea
82,0x2aed738cb067cd336de8fa96d3f041494ef018ea
83,0x2aed738cb067cd336de8fa96d3f041494ef018ea
84,0x2aed738cb067cd336de8fa96d3f041494ef018ea
85,0x2aed738cb067cd336de8fa96d3f041494ef018ea
86,0x2aed738cb067cd336de8fa96d3f041494ef018ea
87,0x2aed738cb067cd336de8fa96d3f041494ef018ea
88,0x2aed738cb067cd336de8fa96d3f041494ef018ea
89,0x2aed738cb067cd336de8fa96d3f041494ef018ea
90,0x2aed738cb067cd336de8fa96d3f041494ef018ea
91,0x2aed738cb067cd336de8fa96d3f041494ef018ea
92,0x2aed738cb067cd336de8fa96d3f041494ef018ea
93,0x2aed738cb067cd336de8fa96d3f041494ef018ea
94,0x2aed738cb067cd336de8fa96d3f041494ef018ea
95,0x2aed738cb067cd336de8fa96d3f041494ef018ea
96,0x2aed738cb067cd336de8fa96d3f041494ef018ea
97,0x2aed738cb067cd336de8fa96d3f041494ef018ea
98,0x2aed738cb067cd336de8fa96d3f041494ef018ea
99,0x2aed738cb067cd336de8fa96d3f041494ef018ea
100,0x2aed738cb067cd336de8fa96d3f041494ef018ea
101,0x2aed738cb067cd336de8fa96d3f041494ef018ea
102,0x2aed738cb067cd336de8fa96d3f041494ef018ea
103,0x2aed738cb067cd336de8fa96d3f041494ef018ea
104,0x2aed738cb067cd336de8fa96d3f041494ef018ea
105,0x2aed738cb067cd336de8fa96d3f041494ef018ea
106,0x2aed738cb067cd336de8fa96d3f041494ef018ea
107,0x2aed738cb067cd336de8fa96d3f041494ef018ea
108,0x2aed738cb067cd336de8fa96d3f041494ef018ea
109,0x2aed738cb067cd336de8fa96d3f041494ef018ea
110,0x2aed738cb067cd336de8fa96d3f041494ef018ea
111,0x2aed738cb067cd336de8fa96d3f041494ef018ea
112,0x2aed738cb067cd336de8fa96d3f041494ef018ea
113,0x2aed738cb067cd336de8fa96d3f041494ef018ea
114,0x2aed738cb067cd336de8fa96d3f041494ef018ea
115,0x2aed738cb067cd336de8fa96d3f041494ef018ea
116,0x2aed738cb067cd336de8fa96d3f041494ef018ea
117,0x2aed738cb067cd336de8fa96d3f041494ef018ea
118,0x2aed738cb067cd336de8fa96d3f041494ef018ea
119,0x2aed738cb067cd336de8fa96d3f041494ef018ea
120,0x2aed738cb067cd336de8fa96d3f041494ef018ea
121,0x2aed738cb067cd336de8fa96d3f041494ef018ea
122,0x2aed738cb067cd336de8fa96d3f041494ef018ea
123,0x2aed738cb067cd336de8fa96d3f041494ef018ea
124,0x2aed738cb067cd336de8fa96d3f041494ef018ea
125,0x2aed738cb067cd336de8fa96d3f041494ef018ea
126,0x2aed738cb067cd336de8fa96d3f041494ef018ea
127,0x2aed738cb067cd336de8fa96d3f041494ef018ea
128,0x2aed738cb067cd336de8fa96d3f041494ef018ea
129,0x2aed738cb067cd336de8fa96d3f041494ef018ea
130,0x2aed738cb067cd336de8fa96d3f041494ef018ea
131,0x2aed738cb067cd336de8fa96d3f041494ef018ea
132,0x2aed738cb067cd336de8fa96d3f041494ef018ea
133,0x2aed738cb067cd336de8fa96d3f041494ef018ea
134,0x2aed738cb067cd336de8fa96d3f041494ef018ea
135,0x2aed738cb067cd336de8fa96d3f041494ef018ea
136,0x2aed738cb067cd336de8fa96d3f041494ef018ea
137,0x2aed738cb067cd336de8fa96d3f041494ef018ea
138,0x2aed738cb067cd336de8fa96d3f041494ef018ea
139,0x2aed738cb067cd336de8fa96d3f041494ef018ea
140,0x2aed738cb067cd336de8fa96d3f041494ef018ea
141,0x2aed738cb067cd336de8fa96d3f041494ef018ea
142,0x2aed738cb067cd336de8fa96d3f041494ef018ea
143,0x2aed738cb067cd336de8fa96d3f041494ef018ea
144,0x2aed738cb067cd336de8fa96d3f041494ef018ea
145,0x2aed738cb067cd336de8fa96d3f041494ef018ea
146,0x2aed738cb067cd336de8fa96d3f041494ef018ea
147,0x2aed738cb067cd336de8fa96d3f041494ef018ea
148,0x2aed738cb067cd336de8fa96d3f041494ef018ea
149,0x2aed738cb067cd336de8fa96d3f041494ef018ea
150,0x2aed738cb067cd336de8fa96d3f041494ef018ea
151,0x2aed738cb067cd336de8fa96d3f041494ef018ea
152,0x2aed738cb067cd336de8fa96d3f041494ef018ea
153,0x2aed738cb067cd336de8fa96d3f041494ef018ea
154,0x2aed738cb067cd336de8fa96d3f041494ef018ea
155,0x2aed738cb067cd336de8fa96d3f041494ef018ea
156,0x2aed738cb067cd336de8fa96d3f041494ef018ea
157,0x2aed738cb067cd336de8fa96d3f041494ef018ea
158,0x2aed738cb067cd336de8fa96d3f041494ef018ea
159,0x2aed738cb067cd336de8fa96d3f041494ef018ea
160,0x2aed738cb067cd336de8fa96d3f041494ef018ea
161,0x2aed738cb067cd336de8fa96d3f041494ef018ea
162,0x2aed738cb067cd336de8fa96d3f041494ef018ea
163,0x2aed738cb067cd336de8fa96d3f041494ef018ea
164,0x2aed738cb067cd336de8fa96d3f041494ef018ea
165,0x2aed738cb067cd336de8fa96d3f041494ef018ea
166,0x2aed738cb067cd336de8fa96d3f041494ef018ea
167,0x2aed738cb067cd336de8fa96d3f041494ef018ea
168,0x2aed738cb067cd336de8fa96d3f041494ef018ea
169,0x2aed738cb067cd336de8fa96d3f041494ef018ea
170,0x2aed738cb067cd336de8fa96d3f041494ef018ea
171,0x2aed738cb067cd336de8fa96d3f041494ef018ea
172,0x2aed738cb067cd336de8fa96d3f041494ef018ea
173,0x2aed738cb067cd336de8fa96d3f041494ef018ea
174,0x2aed738cb067cd336de8fa96d3f041494ef018ea
175,0x2aed738cb067cd336de8fa96d3f041494ef018ea
176,0x2aed738cb067cd336de8fa96d3f041494ef018ea
177,0x2aed738cb067cd336de8fa96d3f041494ef018ea
178,0x2aed738cb067cd336de8fa96d3f041494ef018ea
179,0x2aed738cb067cd336de8fa96d3f041494ef018ea
180,0x2aed738cb067cd336de8fa96d3f041494ef018ea
181,0x2aed738cb067cd336de8fa96d3f041494ef018ea
182,0x2aed738cb067cd336de8fa96d3f041494ef018ea
183,0x2aed738cb067cd336de8fa96d3f041494ef018ea
184,0x2aed738cb067cd336de8fa96d3f041494ef018ea
185,0x2aed738cb067cd336de8fa96d3f041494ef018ea
186,0x2aed738cb067cd336de8fa96d3f041494ef018ea
187,0x2aed738cb067cd336de8fa96d3f041494ef018ea
188,0x2aed738cb067cd336de8fa96d3f041494ef018ea
189,0x2aed738cb067cd336de8fa96d3f041494ef018ea
190,0x2aed738cb067cd336de8fa96d3f041494ef018ea
191,0x2aed738cb067cd336de8fa96d3f041494ef018ea
192,0x2aed738cb067cd336de8fa96d3f041494ef018ea
193,0x2aed738cb067cd336de8fa96d3f041494ef018ea
194,0x7b26e1cd35435bf375c384449dd85c5b3169f209
195,0x2aed738cb067cd336de8fa96d3f041494ef018ea
196,0x2aed738cb067cd336de8fa96d3f041494ef018ea
197,0x2aed738cb067cd336de8fa96d3f041494ef018ea
198,0x2aed738cb067cd336de8fa96d3f041494ef018ea
199,0x2aed738cb067cd336de8fa96d3f041494ef018ea
200,0x2aed738cb067cd336de8fa96d3f041494ef018ea
201,0x2aed738cb067cd336de8fa96d3f041494ef018ea
202,0x2aed738cb067cd336de8fa96d3f041494ef018ea
203,0x2aed738cb067cd336de8fa96d3f041494ef018ea
204,0x2aed738cb067cd336de8fa96d3f041494ef018ea
205,0x2aed738cb067cd336de8fa96d3f041494ef018ea
206,0x2aed738cb067cd336de8fa96d3f041494ef018ea
207,0x2aed738cb067cd336de8fa96d3f041494ef018ea
208,0x2aed738cb067cd336de8fa96d3f041494ef018ea
209,0x2aed738cb067cd336de8fa96d3f041494ef018ea
210,0x2aed738cb067cd336de8fa96d3f041494ef018ea
211,0x2aed738cb067cd336de8fa96d3f041494ef018ea
212,0x2aed738cb067cd336de8fa96d3f041494ef018ea
213,0x2aed738cb067cd336de8fa96d3f041494ef018ea
214,0x2aed738cb067cd336de8fa96d3f041494ef018ea
215,0x2aed738cb067cd336de8fa96d3f041494ef018ea
216,0x2aed738cb067cd336de8fa96d3f041494ef018ea
217,0x2aed738cb067cd336de8fa96d3f041494ef018ea
218,0x2aed738cb067cd336de8fa96d3f041494ef018ea
219,0x2aed738cb067cd336de8fa96d3f041494ef018ea
220,0x2aed738cb067cd336de8fa96d3f041494ef018ea
221,0x2aed738cb067cd336de8fa96d3f041494ef018ea
222,0x2aed738cb067cd336de8fa96d3f041494ef018ea
223,0x2aed738cb067cd336de8fa96d3f041494ef018ea
224,0x2aed738cb067cd336de8fa96d3f041494ef018ea
225,0x2aed738cb067cd336de8fa96d3f041494ef018ea
226,0x2aed738cb067cd336de8fa96d3f041494ef018ea
227,0x2aed738cb067cd336de8fa96d3f041494ef018ea
228,0x2aed738cb067cd336de8fa96d3f041494ef018ea
229,0x2aed738cb067cd336de8fa96d3f041494ef018ea
230,0x2aed738cb067cd336de8fa96d3f041494ef018ea
231,0x2aed738cb067cd336de8fa96d3f041494ef018ea
232,0x2aed738cb067cd336de8fa96d3f041494ef018ea
233,0x2aed738cb067cd336de8fa96d3f041494ef018ea
234,0x2aed738cb067cd336de8fa96d3f041494ef018ea
235,0x2aed738cb067cd336de8fa96d3f041494ef018ea
236,0x2aed738cb067cd336de8fa96d3f041494ef018ea
237,0x2aed738cb067cd336de8fa96d3f041494ef018ea
238,0x2aed738cb067cd336de8fa96d3f041494ef018ea
239,0x2aed738cb067cd336de8fa96d3f041494ef018ea
240,0x2aed738cb067cd336de8fa96d3f041494ef018ea
241,0x2aed738cb067cd336de8fa96d3f041494ef018ea
242,0x8e90cd73a8f793f74d4117019231dced33626384
243,0x2aed738cb067cd336de8fa96d3f041494ef018ea
244,0x2aed738cb067cd336de8fa96d3f041494ef018ea
245,0x2aed738cb067cd336de8fa96d3f041494ef018ea
246,0x2aed738cb067cd336de8fa96d3f041494ef018ea
247,0x2aed738cb067cd336de8fa96d3f041494ef018ea
248,0x2aed738cb067cd336de8fa96d3f041494ef018ea
249,0x2aed738cb067cd336de8fa96d3f041494ef018ea
250,0x2aed738cb067cd336de8fa96d3f041494ef018ea
251,0x2aed738cb067cd336de8fa96d3f041494ef018ea
252,0x2aed738cb067cd336de8fa96d3f041494ef018ea
253,0x2aed738cb067cd336de8fa96d3f041494ef018ea
254,0x2aed738cb067cd336de8fa96d3f041494ef018ea
255,0x2aed738cb067cd336de8fa96d3f041494ef018ea
256,0x2aed738cb067cd336de8fa96d3f041494ef018ea
257,0x2aed738cb067cd336de8fa96d3f041494ef018ea
258,0x2aed738cb067cd336de8fa96d3f041494ef018ea
259,0x2aed738cb067cd336de8fa96d3f041494ef018ea
260,0x2aed738cb067cd336de8fa96d3f041494ef018ea
261,0x2aed738cb067cd336de8fa96d3f041494ef018ea
262,0x2aed738cb067cd336de8fa96d3f041494ef018ea
263,0xe47b64390b5983d20f5d731bcc76c07521b8773d
264,0x2aed738cb067cd336de8fa96d3f041494ef018ea
265,0x2aed738cb067cd336de8fa96d3f041494ef018ea
266,0x2aed738cb067cd336de8fa96d3f041494ef018ea
267,0x2aed738cb067cd336de8fa96d3f041494ef018ea
268,0x2aed738cb067cd336de8fa96d3f041494ef018ea
269,0x2aed738cb067cd336de8fa96d3f041494ef018ea
270,0x2aed738cb067cd336de8fa96d3f041494ef018ea
271,0x2aed738cb067cd336de8fa96d3f041494ef018ea
272,0x2aed738cb067cd336de8fa96d3f041494ef018ea
273,0x2aed738cb067cd336de8fa96d3f041494ef018ea
274,0xa368827dd0c65f5d1c7cfcfd894bd3c5777775d3
275,0xa368827dd0c65f5d1c7cfcfd894bd3c5777775d3
276,0x2aed738cb067cd336de8fa96d3f041494ef018ea
277,0x2aed738cb067cd336de8fa96d3f041494ef018ea
278,0x2aed738cb067cd336de8fa96d3f041494ef018ea
279,0x2aed738cb067cd336de8fa96d3f041494ef018ea
280,0x2aed738cb067cd336de8fa96d3f041494ef018ea
281,0x2aed738cb067cd336de8fa96d3f041494ef018ea
282,0x2aed738cb067cd336de8fa96d3f041494ef018ea
283,0x2aed738cb067cd336de8fa96d3f041494ef018ea
284,0x2aed738cb067cd336de8fa96d3f041494ef018ea
285,0x2aed738cb067cd336de8fa96d3f041494ef018ea
286,0x2aed738cb067cd336de8fa96d3f041494ef018ea
287,0x2aed738cb067cd336de8fa96d3f041494ef018ea
288,0x2aed738cb067cd336de8fa96d3f041494ef018ea
289,0x2aed738cb067cd336de8fa96d3f041494ef018ea
290,0x2aed738cb067cd336de8fa96d3f041494ef018ea
291,0x2aed738cb067cd336de8fa96d3f041494ef018ea
292,0x2aed738cb067cd336de8fa96d3f041494ef018ea
293,0x2aed738cb067cd336de8fa96d3f041494ef018ea
294,0x2aed738cb067cd336de8fa96d3f041494ef018ea
295,0x2aed738cb067cd336de8fa96d3f041494ef018ea
296,0x2aed738cb067cd336de8fa96d3f041494ef018ea
297,0x2aed738cb067cd336de8fa96d3f041494ef018ea
298,0x2aed738cb067cd336de8fa96d3f041494ef018ea
299,0x2aed738cb067cd336de8fa96d3f041494ef018ea
300,0x2aed738cb067cd336de8fa96d3f041494ef018ea
301,0x2aed738cb067cd336de8fa96d3f041494ef018ea
302,0x2aed738cb067cd336de8fa96d3f041494ef018ea
303,0x2aed738cb067cd336de8fa96d3f041494ef018ea
304,0x2aed738cb067cd336de8fa96d3f041494ef018ea
305,0x2aed738cb067cd336de8fa96d3f041494ef018ea
306,0x2aed738cb067cd336de8fa96d3f041494ef018ea
307,0x2aed738cb067cd336de8fa96d3f041494ef018ea
308,0x2aed738cb067cd336de8fa96d3f041494ef018ea
309,0x2aed738cb067cd336de8fa96d3f041494ef018ea
310,0x2aed738cb067cd336de8fa96d3f041494ef018ea
311,0x2aed738cb067cd336de8fa96d3f041494ef018ea
312,0x2aed738cb067cd336de8fa96d3f041494ef018ea
313,0x2aed738cb067cd336de8fa96d3f041494ef018ea
314,0x2aed738cb067cd336de8fa96d3f041494ef018ea
315,0x2aed738cb067cd336de8fa96d3f041494ef018ea
316,0x2aed738cb067cd336de8fa96d3f041494ef018ea
317,0x2aed738cb067cd336de8fa96d3f041494ef018ea
318,0x2aed738cb067cd336de8fa96d3f041494ef018ea
319,0x2aed738cb067cd336de8fa96d3f041494ef018ea
320,0x2aed738cb067cd336de8fa96d3f041494ef018ea
321,0x2aed738cb067cd336de8fa96d3f041494ef018ea
322,0x2aed738cb067cd336de8fa96d3f041494ef018ea
323,0x2aed738cb067cd336de8fa96d3f041494ef018ea
324,0x2aed738cb067cd336de8fa96d3f041494ef018ea
325,0x2aed738cb067cd336de8fa96d3f041494ef018ea
326,0x2aed738cb067cd336de8fa96d3f041494ef018ea
327,0x2aed738cb067cd336de8fa96d3f041494ef018ea
328,0x2aed738cb067cd336de8fa96d3f041494ef018ea
329,0x2aed738cb067cd336de8fa96d3f041494ef018ea
330,0x2aed738cb067cd336de8fa96d3f041494ef018ea
331,0x2aed738cb067cd336de8fa96d3f041494ef018ea
332,0x2aed738cb067cd336de8fa96d3f041494ef018ea
333,0x2aed738cb067cd336de8fa96d3f041494ef018ea
