0,0xe26ace434c3bfc6d5dcf77fdfe3e0d6da38e1a1a
1,0xe26ace434c3bfc6d5dcf77fdfe3e0d6da38e1a1a
2,0xe26ace434c3bfc6d5dcf77fdfe3e0d6da38e1a1a
3,0xe26ace434c3bfc6d5dcf77fdfe3e0d6da38e1a1a
4,0x2f3f7f2e618bf09eb5d25357544ff59cdfe0f613
5,0x2f3f7f2e618bf09eb5d25357544ff59cdfe0f613
6,0x2f3f7f2e618bf09eb5d25357544ff59cdfe0f613
7,0x2f3f7f2e618bf09eb5d25357544ff59cdfe0f613
8,0x2f3f7f2e618bf09eb5d25357544ff59cdfe0f613
9,0x2f3f7f2e618bf09eb5d25357544ff59cdfe0f613
10,0x4e08b9f0e824af5b7ec20230909893cfba50190a
11,0x2f3f7f2e618bf09eb5d25357544ff59cdfe0f613
12,0x2f3f7f2e618bf09eb5d25357544ff59cdfe0f613
13,0xcaa8175b57ab028c38359aec26ef9b2696ec91b4
14,0xcaa8175b57ab028c38359aec26ef9b2696ec91b4
15,0xcaa8175b57ab028c38359aec26ef9b2696ec91b4
16,0xcaa8175b57ab028c38359aec26ef9b2696ec91b4
17,0x2f3f7f2e618bf09eb5d25357544ff59cdfe0f613
18,0x2f3f7f2e618bf09eb5d25357544ff59cdfe0f613
19,0x45862265e57b38a82c52b97054653806425947a3
20,0x4e08b9f0e824af5b7ec20230909893cfba50190a
21,0x2f3f7f2e618bf09eb5d25357544ff59cdfe0f613
22,0x4e08b9f0e824af5b7ec20230909893cfba50190a
23,0xea56152d94d6dc1d69c90e1bb4a2ef8c79d4d49d
24,0x8ba86bfabb186cfc750072605b1ac4d4b2ffd20b
25,0x2baae1b265f34159cb585876bf20d06a09928208
26,0xb5c9848f1c6919c9424adce8e846ef3238a2e4ea
27,0x2baae1b265f34159cb585876bf20d06a09928208
28,0x2baae1b265f34159cb585876bf20d06a09928208
29,0xac1229e4d5e4e3b8719c2dfb2e42e3a319bb5d74
30,0x2baae1b265f34159cb585876bf20d06a09928208
31,0x2baae1b265f34159cb585876bf20d06a09928208
32,0x2baae1b265f34159cb585876bf20d06a09928208
33,0x2baae1b265f34159cb585876bf20d06a09928208
34,0x942fb1d38038b754f0639a769bc7b7aa2c533e6b
35,0x942fb1d38038b754f0639a769bc7b7aa2c533e6b
36,0x942fb1d38038b754f0639a769bc7b7aa2c533e6b
37,0xb5c9848f1c6919c9424adce8e846ef3238a2e4ea
38,0x2baae1b265f34159cb585876bf20d06a09928208
39,0xb5c9848f1c6919c9424adce8e846ef3238a2e4ea
40,0x3e04cf27e079b2fcdb66e66a997c8c899cf62c4a
41,0x2baae1b265f34159cb585876bf20d06a09928208
42,0xa9504198c1e1b2228d92916b3c9fa1d66461497e
43,0x2baae1b265f34159cb585876bf20d06a09928208
44,0x17769c9f119d4e1c4ef4abe1ec2bcaecf9102b36
45,0x17769c9f119d4e1c4ef4abe1ec2bcaecf9102b36
46,0x17769c9f119d4e1c4ef4abe1ec2bcaecf9102b36
47,0x2baae1b265f34159cb585876bf20d06a09928208
48,0x2130d77ddd0c33d819ba56ecd5928c31ecbf4a41
49,0x2130d77ddd0c33d819ba56ecd5928c31ecbf4a41
50,0xb5c9848f1c6919c9424adce8e846ef3238a2e4ea
51,0xd6211ab439a91fdede281b6849c3de54641f4530
52,0xb5c9848f1c6919c9424adce8e846ef3238a2e4ea
53,0xd6211ab439a91fdede281b6849c3de54641f4530
54,0x28606fdf588cb2aec00237c7dd762cca448dadca
55,0xb5c9848f1c6919c9424adce8e846ef3238a2e4ea
56,0x2baae1b265f34159cb585876bf20d06a09928208
57,0xb5c9848f1c6919c9424adce8e846ef3238a2e4ea
58,0xd6211ab439a91fdede281b6849c3de54641f4530
59,0xd6211ab439a91fdede281b6849c3de54641f4530
60,0xd6211ab439a91fdede281b6849c3de54641f4530
61,0xd6211ab439a91fdede281b6849c3de54641f4530
62,0x10da2c78b97c487b770ef18f01cfe8f2935f3015
63,0xb5c9848f1c6919c9424adce8e846ef3238a2e4ea
64,0xb5c9848f1c6919c9424adce8e846ef3238a2e4ea
65,0xb5c9848f1c6919c9424adce8e846ef3238a2e4ea
66,0xb5c9848f1c6919c9424adce8e846ef3238a2e4ea
67,0x4887a6b51b857f774e0129329ec01feba6d1bbc4
68,0xb5c9848f1c6919c9424adce8e846ef3238a2e4ea
69,0x2baae1b265f34159cb585876bf20d06a09928208
70,0xf5c05f0e9d14fbbd46f824ff968894e4f5da37c4
71,0xf5c05f0e9d14fbbd46f824ff968894e4f5da37c4
72,0xb5c9848f1c6919c9424adce8e846ef3238a2e4ea
73,0xb5c9848f1c6919c9424adce8e846ef3238a2e4ea
74,0xb5c9848f1c6919c9424adce8e846ef3238a2e4ea
75,0x942fb1d38038b754f0639a769bc7b7aa2c533e6b
76,0xb5c9848f1c6919c9424adce8e846ef3238a2e4ea
77,0xb5c9848f1c6919c9424adce8e846ef3238a2e4ea
78,0xb5c9848f1c6919c9424adce8e846ef3238a2e4ea
79,0xa9d33755afe205b037817a14d67d8fc2a874d8e9
80,0x5c499eb2d03e33e624e3428abe67fc213e1baff0
81,0xd6211ab439a91fdede281b6849c3de54641f4530
82,0xd6211ab439a91fdede281b6849c3de54641f4530
83,0xd6211ab439a91fdede281b6849c3de54641f4530
84,0x11ff164999732c22ee26497268e8f78c9043d066
85,0x11ff164999732c22ee26497268e8f78c9043d066
86,0x11ff164999732c22ee26497268e8f78c9043d066
87,0x11ff164999732c22ee26497268e8f78c9043d066
88,0x11ff164999732c22ee26497268e8f78c9043d066
89,0x11ff164999732c22ee26497268e8f78c9043d066
90,0xb5c9848f1c6919c9424adce8e846ef3238a2e4ea
91,0xd6211ab439a91fdede281b6849c3de54641f4530
92,0x45862265e57b38a82c52b97054653806425947a3
93,0xea56152d94d6dc1d69c90e1bb4a2ef8c79d4d49d
94,0xd6211ab439a91fdede281b6849c3de54641f4530
95,0xd6211ab439a91fdede281b6849c3de54641f4530
96,0x4887a6b51b857f774e0129329ec01feba6d1bbc4
97,0xd6211ab439a91fdede281b6849c3de54641f4530
98,0xd6211ab439a91fdede281b6849c3de54641f4530
99,0xd6211ab439a91fdede281b6849c3de54641f4530
100,0xd6211ab439a91fdede281b6849c3de54641f4530
101,0xd6211ab439a91fdede281b6849c3de54641f4530
102,0x2baae1b265f34159cb585876bf20d06a09928208
103,0xd6211ab439a91fdede281b6849c3de54641f4530
104,0xd6211ab439a91fdede281b6849c3de54641f4530
105,0xd6211ab439a91fdede281b6849c3de54641f4530
106,0x9e60aa1f1034899186f5ad7e9c375efa45d10bb1
107,0xd6211ab439a91fdede281b6849c3de54641f4530
108,0x426937f528bdfb15ca06042c18e1eddd32646255
109,0x9e60aa1f1034899186f5ad7e9c375efa45d10bb1
110,0xd6211ab439a91fdede281b6849c3de54641f4530
111,0xd6211ab439a91fdede281b6849c3de54641f4530
112,0x2e2150fca817660cfadcf2b7ed55bba81dee0e2c
113,0x9e60aa1f1034899186f5ad7e9c375efa45d10bb1
114,0x9e60aa1f1034899186f5ad7e9c375efa45d10bb1
115,0xd6211ab439a91fdede281b6849c3de54641f4530
116,0xd6211ab439a91fdede281b6849c3de54641f4530
117,0xd6211ab439a91fdede281b6849c3de54641f4530
118,0xd6211ab439a91fdede281b6849c3de54641f4530
119,0xd6211ab439a91fdede281b6849c3de54641f4530
120,0xd6211ab439a91fdede281b6849c3de54641f4530
121,0xd6211ab439a91fdede281b6849c3de54641f4530
122,0xd6211ab439a91fdede281b6849c3de54641f4530
123,0xd6211ab439a91fdede281b6849c3de54641f4530
124,0xd6211ab439a91fdede281b6849c3de54641f4530
125,0xd6211ab439a91fdede281b6849c3de54641f4530
126,0xd6211ab439a91fdede281b6849c3de54641f4530
127,0xd6211ab439a91fdede281b6849c3de54641f4530
128,0xd6211ab439a91fdede281b6849c3de54641f4530
129,0xd6211ab439a91fdede281b6849c3de54641f4530
130,0xd6211ab439a91fdede281b6849c3de54641f4530
131,0xd6211ab439a91fdede281b6849c3de54641f4530
132,0xcf1b28cf98190af63361adb105b36c8d565e3d19
133,0xcf1b28cf98190af63361adb105b36c8d565e3d19
134,0xd6211ab439a91fdede281b6849c3de54641f4530
135,0xd6211ab439a91fdede281b6849c3de54641f4530
136,0xb5c9848f1c6919c9424adce8e846ef3238a2e4ea
137,0xb5c9848f1c6919c9424adce8e846ef3238a2e4ea
138,0xd6211ab439a91fdede281b6849c3de54641f4530
139,0xd6211ab439a91fdede281b6849c3de54641f4530
140,0x6ac25212d4050d7dc8592b7a265759f88389a269
141,0xd6211ab439a91fdede281b6849c3de54641f4530
142,0x6ac25212d4050d7dc8592b7a265759f88389a269
143,0xd6211ab439a91fdede281b6849c3de54641f4530
144,0xc0e25ef72f0791002aaa9091539569298670ba3b
145,0x5df8384a326d9d0c87deb3f69a3f3a1a8058a805
146,0xd6211ab439a91fdede281b6849c3de54641f4530
147,0x5df8384a326d9d0c87deb3f69a3f3a1a8058a805
148,0x5df8384a326d9d0c87deb3f69a3f3a1a8058a805
149,0x5df8384a326d9d0c87deb3f69a3f3a1a8058a805
150,0xd6211ab439a91fdede281b6849c3de54641f4530
151,0xc3d32eea90971dacc1882709cb946c8ec5858699
152,0xd6211ab439a91fdede281b6849c3de54641f4530
153,0xd6211ab439a91fdede281b6849c3de54641f4530
154,0x942fb1d38038b754f0639a769bc7b7aa2c533e6b
155,0xf70165606762d4bf50426ac9aacb1fb8cad4b963
156,0xf70165606762d4bf50426ac9aacb1fb8cad4b963
157,0xd6211ab439a91fdede281b6849c3de54641f4530
158,0xd6211ab439a91fdede281b6849c3de54641f4530
159,0x942fb1d38038b754f0639a769bc7b7aa2c533e6b
160,0xd6211ab439a91fdede281b6849c3de54641f4530
161,0xd6211ab439a91fdede281b6849c3de54641f4530
162,0xd6211ab439a91fdede281b6849c3de54641f4530
163,0xd6211ab439a91fdede281b6849c3de54641f4530
164,0xd6211ab439a91fdede281b6849c3de54641f4530
165,0xd6211ab439a91fdede281b6849c3de54641f4530
166,0xd6211ab439a91fdede281b6849c3de54641f4530
167,0xd6211ab439a91fdede281b6849c3de54641f4530
168,0xd6211ab439a91fdede281b6849c3de54641f4530
169,0xd6211ab439a91fdede281b6849c3de54641f4530
170,0xea56152d94d6dc1d69c90e1bb4a2ef8c79d4d49d
171,0xd6211ab439a91fdede281b6849c3de54641f4530
172,0xd6211ab439a91fdede281b6849c3de54641f4530
173,0x08288b002837f3032c8bb95a0aeeab76c6805f5c
174,0xd6211ab439a91fdede281b6849c3de54641f4530
175,0xd6211ab439a91fdede281b6849c3de54641f4530
176,0x942fb1d38038b754f0639a769bc7b7aa2c533e6b
177,0xb5c9848f1c6919c9424adce8e846ef3238a2e4ea
178,0xd6211ab439a91fdede281b6849c3de54641f4530
179,0xd6211ab439a91fdede281b6849c3de54641f4530
180,0xd6211ab439a91fdede281b6849c3de54641f4530
181,0xd6211ab439a91fdede281b6849c3de54641f4530
182,0xd6211ab439a91fdede281b6849c3de54641f4530
183,0xd6211ab439a91fdede281b6849c3de54641f4530
184,0xd6211ab439a91fdede281b6849c3de54641f4530
185,0xd6211ab439a91fdede281b6849c3de54641f4530
186,0xd6211ab439a91fdede281b6849c3de54641f4530
187,0xd6211ab439a91fdede281b6849c3de54641f4530
188,0xd6211ab439a91fdede281b6849c3de54641f4530
189,0xd6211ab439a91fdede281b6849c3de54641f4530
190,0xd6211ab439a91fdede281b6849c3de54641f4530
191,0xd6211ab439a91fdede281b6849c3de54641f4530
192,0xa9d33755afe205b037817a14d67d8fc2a874d8e9
193,0x847f6accecd70403c702a74d55bf90a0aa846fdb
194,0x19d2c3cb10d004147f8db16eb0e8eeb540efe724
195,0x19d2c3cb10d004147f8db16eb0e8eeb540efe724
196,0x19d2c3cb10d004147f8db16eb0e8eeb540efe724
197,0xd6211ab439a91fdede281b6849c3de54641f4530
198,0xd6211ab439a91fdede281b6849c3de54641f4530
199,0xd6211ab439a91fdede281b6849c3de54641f4530
200,0x6cad98fb07a26a2b5226dd2a8c24724e3368c1c8
201,0x6cad98fb07a26a2b5226dd2a8c24724e3368c1c8
202,0x7b6d8107b848401e3f97923bfe654c5a6bfbf82a
203,0x7b6d8107b848401e3f97923bfe654c5a6bfbf82a
204,0x7b6d8107b848401e3f97923bfe654c5a6bfbf82a
205,0xd6211ab439a91fdede281b6849c3de54641f4530
206,0xd6211ab439a91fdede281b6849c3de54641f4530
207,0x942fb1d38038b754f0639a769bc7b7aa2c533e6b
208,0x942fb1d38038b754f0639a769bc7b7aa2c533e6b
209,0xd6211ab439a91fdede281b6849c3de54641f4530
210,0xd6211ab439a91fdede281b6849c3de54641f4530
211,0xabb0bd1360234c633d2589df384e4cab0272ba17
212,0xd6211ab439a91fdede281b6849c3de54641f4530
213,0xd6211ab439a91fdede281b6849c3de54641f4530
214,0xb5c9848f1c6919c9424adce8e846ef3238a2e4ea
215,0xd6211ab439a91fdede281b6849c3de54641f4530
216,0xd6211ab439a91fdede281b6849c3de54641f4530
217,0xd6211ab439a91fdede281b6849c3de54641f4530
218,0xd6211ab439a91fdede281b6849c3de54641f4530
219,0xe99fefb57adb8cb48071fa9e00bc8610d64e7661
220,0xd6211ab439a91fdede281b6849c3de54641f4530
221,0xd6211ab439a91fdede281b6849c3de54641f4530
222,0xd6211ab439a91fdede281b6849c3de54641f4530
223,0x9e60aa1f1034899186f5ad7e9c375efa45d10bb1
224,0xd6211ab439a91fdede281b6849c3de54641f4530
225,0x19d2c3cb10d004147f8db16eb0e8eeb540efe724
226,0xd6211ab439a91fdede281b6849c3de54641f4530
227,0xd6211ab439a91fdede281b6849c3de54641f4530
228,0xd6211ab439a91fdede281b6849c3de54641f4530
229,0xd6211ab439a91fdede281b6849c3de54641f4530
230,0xd6211ab439a91fdede281b6849c3de54641f4530
231,0x656e5569bef7781bf0db199d32027766053501ff
232,0xd6211ab439a91fdede281b6849c3de54641f4530
233,0xd6211ab439a91fdede281b6849c3de54641f4530
234,0xd6211ab439a91fdede281b6849c3de54641f4530
235,0xd6211ab439a91fdede281b6849c3de54641f4530
236,0xd6211ab439a91fdede281b6849c3de54641f4530
237,0xd6211ab439a91fdede281b6849c3de54641f4530
238,0xd6211ab439a91fdede281b6849c3de54641f4530
239,0xd6211ab439a91fdede281b6849c3de54641f4530
240,0xd6211ab439a91fdede281b6849c3de54641f4530
241,0x6c4e7e81ae8c095c4a7330ecc82c718c61a205be
242,0x6c4e7e81ae8c095c4a7330ecc82c718c61a205be
243,0x19d2c3cb10d004147f8db16eb0e8eeb540efe724
244,0x19d2c3cb10d004147f8db16eb0e8eeb540efe724
245,0x6c4e7e81ae8c095c4a7330ecc82c718c61a205be
246,0xd6211ab439a91fdede281b6849c3de54641f4530
247,0xb5c9848f1c6919c9424adce8e846ef3238a2e4ea
248,0xb5c9848f1c6919c9424adce8e846ef3238a2e4ea
249,0xd6211ab439a91fdede281b6849c3de54641f4530
250,0xd6211ab439a91fdede281b6849c3de54641f4530
251,0xd6211ab439a91fdede281b6849c3de54641f4530
252,0xd6211ab439a91fdede281b6849c3de54641f4530
253,0xd6211ab439a91fdede281b6849c3de54641f4530
254,0xb5c9848f1c6919c9424adce8e846ef3238a2e4ea
255,0xb5c9848f1c6919c9424adce8e846ef3238a2e4ea
256,0xd6211ab439a91fdede281b6849c3de54641f4530
257,0xd6211ab439a91fdede281b6849c3de54641f4530
258,0xd6211ab439a91fdede281b6849c3de54641f4530
259,0x536ee25c7eee2d3687ba565bb193950476bc7729
260,0xda30a93cf845a52ab46964d0f8c25fdb26e9597a
261,0xda30a93cf845a52ab46964d0f8c25fdb26e9597a
262,0xda30a93cf845a52ab46964d0f8c25fdb26e9597a
263,0xd6211ab439a91fdede281b6849c3de54641f4530
264,0xd6211ab439a91fdede281b6849c3de54641f4530
