0,0x5c035bb4cb7dacbfee076a5e61aa39a10da2e956
1,0x5c035bb4cb7dacbfee076a5e61aa39a10da2e956
2,"kryptoklob.eth
(0x11e52c75998fe2e7928b191bfc5b25937ca16741) "
3,"kryptoklob.eth
(0x11e52c75998fe2e7928b191bfc5b25937ca16741) "
4,"kryptoklob.eth
(0x11e52c75998fe2e7928b191bfc5b25937ca16741) "
5,0x84ecb387395a1be65e133c75ff9e5fcc6f756db3
6,0x84ecb387395a1be65e133c75ff9e5fcc6f756db3
7,0x84ecb387395a1be65e133c75ff9e5fcc6f756db3
8,0x84ecb387395a1be65e133c75ff9e5fcc6f756db3
9,0x84ecb387395a1be65e133c75ff9e5fcc6f756db3
10,0x84ecb387395a1be65e133c75ff9e5fcc6f756db3
