0,0xecb88dc3f8970f6b57f5d95bc5d9d68b69131378
1,0xecb88dc3f8970f6b57f5d95bc5d9d68b69131378
2,0xecb88dc3f8970f6b57f5d95bc5d9d68b69131378
3,0xecb88dc3f8970f6b57f5d95bc5d9d68b69131378
4,0xecb88dc3f8970f6b57f5d95bc5d9d68b69131378
5,0xecb88dc3f8970f6b57f5d95bc5d9d68b69131378
6,0xecb88dc3f8970f6b57f5d95bc5d9d68b69131378
7,0xecb88dc3f8970f6b57f5d95bc5d9d68b69131378
8,0xecb88dc3f8970f6b57f5d95bc5d9d68b69131378
9,0xecb88dc3f8970f6b57f5d95bc5d9d68b69131378
10,0xecb88dc3f8970f6b57f5d95bc5d9d68b69131378
11,0xecb88dc3f8970f6b57f5d95bc5d9d68b69131378
12,0xecb88dc3f8970f6b57f5d95bc5d9d68b69131378
13,0xecb88dc3f8970f6b57f5d95bc5d9d68b69131378
14,0xecb88dc3f8970f6b57f5d95bc5d9d68b69131378
15,0xecb88dc3f8970f6b57f5d95bc5d9d68b69131378
16,0xecb88dc3f8970f6b57f5d95bc5d9d68b69131378
17,0xecb88dc3f8970f6b57f5d95bc5d9d68b69131378
18,0xecb88dc3f8970f6b57f5d95bc5d9d68b69131378
19,0xecb88dc3f8970f6b57f5d95bc5d9d68b69131378
20,0xecb88dc3f8970f6b57f5d95bc5d9d68b69131378
21,0xecb88dc3f8970f6b57f5d95bc5d9d68b69131378
22,0xecb88dc3f8970f6b57f5d95bc5d9d68b69131378
23,0xecb88dc3f8970f6b57f5d95bc5d9d68b69131378
24,0xecb88dc3f8970f6b57f5d95bc5d9d68b69131378
25,0xecb88dc3f8970f6b57f5d95bc5d9d68b69131378
26,0xecb88dc3f8970f6b57f5d95bc5d9d68b69131378
27,0xecb88dc3f8970f6b57f5d95bc5d9d68b69131378
28,0xecb88dc3f8970f6b57f5d95bc5d9d68b69131378
29,0xecb88dc3f8970f6b57f5d95bc5d9d68b69131378
30,0xecb88dc3f8970f6b57f5d95bc5d9d68b69131378
31,0xecb88dc3f8970f6b57f5d95bc5d9d68b69131378
32,0xecb88dc3f8970f6b57f5d95bc5d9d68b69131378
33,0xecb88dc3f8970f6b57f5d95bc5d9d68b69131378
34,0xecb88dc3f8970f6b57f5d95bc5d9d68b69131378
35,0xecb88dc3f8970f6b57f5d95bc5d9d68b69131378
36,0xecb88dc3f8970f6b57f5d95bc5d9d68b69131378
37,0xecb88dc3f8970f6b57f5d95bc5d9d68b69131378
38,0x4a641c294050edb80e3b53eef03dc6ca8c3a0d4a
39,0xecb88dc3f8970f6b57f5d95bc5d9d68b69131378
40,0x4c89779fc667258e95a2652387eebbcf8914ea0a
41,0x4c89779fc667258e95a2652387eebbcf8914ea0a
42,0xecb88dc3f8970f6b57f5d95bc5d9d68b69131378
43,0x4c89779fc667258e95a2652387eebbcf8914ea0a
44,0x4c89779fc667258e95a2652387eebbcf8914ea0a
45,0x6e38b074648a15c34480e867b1e275348cc083f3
46,0x4c89779fc667258e95a2652387eebbcf8914ea0a
47,0x4c89779fc667258e95a2652387eebbcf8914ea0a
48,0x4c89779fc667258e95a2652387eebbcf8914ea0a
49,0xecb88dc3f8970f6b57f5d95bc5d9d68b69131378
50,0x910e0d44fe4fc5bb453395c14596384b0cbaf3da
51,0xecb88dc3f8970f6b57f5d95bc5d9d68b69131378
52,0x4c89779fc667258e95a2652387eebbcf8914ea0a
53,0x4c89779fc667258e95a2652387eebbcf8914ea0a
54,0x4c89779fc667258e95a2652387eebbcf8914ea0a
55,0x4c89779fc667258e95a2652387eebbcf8914ea0a
56,0x4c89779fc667258e95a2652387eebbcf8914ea0a
57,0x4c89779fc667258e95a2652387eebbcf8914ea0a
58,0x4c89779fc667258e95a2652387eebbcf8914ea0a
59,0x4c89779fc667258e95a2652387eebbcf8914ea0a
60,0x4c89779fc667258e95a2652387eebbcf8914ea0a
61,0x4c89779fc667258e95a2652387eebbcf8914ea0a
62,0x4c89779fc667258e95a2652387eebbcf8914ea0a
63,0x4c89779fc667258e95a2652387eebbcf8914ea0a
64,0x4c89779fc667258e95a2652387eebbcf8914ea0a
65,0x4c89779fc667258e95a2652387eebbcf8914ea0a
66,0x4c89779fc667258e95a2652387eebbcf8914ea0a
67,0x4c89779fc667258e95a2652387eebbcf8914ea0a
68,0x4c89779fc667258e95a2652387eebbcf8914ea0a
69,0x4c89779fc667258e95a2652387eebbcf8914ea0a
70,0x4c89779fc667258e95a2652387eebbcf8914ea0a
71,0x4c89779fc667258e95a2652387eebbcf8914ea0a
72,0x4c89779fc667258e95a2652387eebbcf8914ea0a
73,0x4c89779fc667258e95a2652387eebbcf8914ea0a
74,0x4c89779fc667258e95a2652387eebbcf8914ea0a
75,0x4c89779fc667258e95a2652387eebbcf8914ea0a
76,0x4c89779fc667258e95a2652387eebbcf8914ea0a
77,0x4c89779fc667258e95a2652387eebbcf8914ea0a
78,0x4c89779fc667258e95a2652387eebbcf8914ea0a
79,0x4c89779fc667258e95a2652387eebbcf8914ea0a
80,0x4c89779fc667258e95a2652387eebbcf8914ea0a
81,0x4c89779fc667258e95a2652387eebbcf8914ea0a
82,0x4c89779fc667258e95a2652387eebbcf8914ea0a
83,0x4c89779fc667258e95a2652387eebbcf8914ea0a
84,0x4c89779fc667258e95a2652387eebbcf8914ea0a
85,0x4c89779fc667258e95a2652387eebbcf8914ea0a
86,0x910e0d44fe4fc5bb453395c14596384b0cbaf3da
87,0x910e0d44fe4fc5bb453395c14596384b0cbaf3da
88,0x910e0d44fe4fc5bb453395c14596384b0cbaf3da
89,0x910e0d44fe4fc5bb453395c14596384b0cbaf3da
90,0x910e0d44fe4fc5bb453395c14596384b0cbaf3da
91,0x4c89779fc667258e95a2652387eebbcf8914ea0a
92,0x910e0d44fe4fc5bb453395c14596384b0cbaf3da
93,0x910e0d44fe4fc5bb453395c14596384b0cbaf3da
94,0xa8dc0f598365d1a84c785d3f599c795188aa0b3b
95,0xa8dc0f598365d1a84c785d3f599c795188aa0b3b
96,0xa8dc0f598365d1a84c785d3f599c795188aa0b3b
97,0xa8dc0f598365d1a84c785d3f599c795188aa0b3b
98,0x4c89779fc667258e95a2652387eebbcf8914ea0a
99,0x4c89779fc667258e95a2652387eebbcf8914ea0a
100,0x4c89779fc667258e95a2652387eebbcf8914ea0a
101,0x4c89779fc667258e95a2652387eebbcf8914ea0a
102,0x4c89779fc667258e95a2652387eebbcf8914ea0a
103,0x4c89779fc667258e95a2652387eebbcf8914ea0a
104,0x4c89779fc667258e95a2652387eebbcf8914ea0a
105,0x4c89779fc667258e95a2652387eebbcf8914ea0a
106,0x4c89779fc667258e95a2652387eebbcf8914ea0a
107,0x4c89779fc667258e95a2652387eebbcf8914ea0a
108,0x4c89779fc667258e95a2652387eebbcf8914ea0a
109,0x4c89779fc667258e95a2652387eebbcf8914ea0a
110,0xecb88dc3f8970f6b57f5d95bc5d9d68b69131378
111,0xecb88dc3f8970f6b57f5d95bc5d9d68b69131378
112,0xecb88dc3f8970f6b57f5d95bc5d9d68b69131378
113,0xecb88dc3f8970f6b57f5d95bc5d9d68b69131378
114,0xecb88dc3f8970f6b57f5d95bc5d9d68b69131378
115,0xecb88dc3f8970f6b57f5d95bc5d9d68b69131378
116,0xecb88dc3f8970f6b57f5d95bc5d9d68b69131378
117,0xecb88dc3f8970f6b57f5d95bc5d9d68b69131378
118,0xecb88dc3f8970f6b57f5d95bc5d9d68b69131378
119,0xecb88dc3f8970f6b57f5d95bc5d9d68b69131378
120,0xecb88dc3f8970f6b57f5d95bc5d9d68b69131378
121,0xecb88dc3f8970f6b57f5d95bc5d9d68b69131378
122,0xecb88dc3f8970f6b57f5d95bc5d9d68b69131378
123,0x4c89779fc667258e95a2652387eebbcf8914ea0a
124,0x4c89779fc667258e95a2652387eebbcf8914ea0a
125,0x9692c82064780fc357bc7eba83b681a2d73c91b8
126,0x4c89779fc667258e95a2652387eebbcf8914ea0a
127,0x4c89779fc667258e95a2652387eebbcf8914ea0a
128,0x4c89779fc667258e95a2652387eebbcf8914ea0a
129,0x4c89779fc667258e95a2652387eebbcf8914ea0a
130,0x4c89779fc667258e95a2652387eebbcf8914ea0a
131,0x4c89779fc667258e95a2652387eebbcf8914ea0a
132,0x4c89779fc667258e95a2652387eebbcf8914ea0a
133,0x4c89779fc667258e95a2652387eebbcf8914ea0a
134,0x4c89779fc667258e95a2652387eebbcf8914ea0a
135,0x4c89779fc667258e95a2652387eebbcf8914ea0a
136,0x4c89779fc667258e95a2652387eebbcf8914ea0a
137,0x4c89779fc667258e95a2652387eebbcf8914ea0a
138,0x9692c82064780fc357bc7eba83b681a2d73c91b8
139,0x4c89779fc667258e95a2652387eebbcf8914ea0a
140,0x4c89779fc667258e95a2652387eebbcf8914ea0a
141,0x4c89779fc667258e95a2652387eebbcf8914ea0a
142,0x4c89779fc667258e95a2652387eebbcf8914ea0a
143,0x4c89779fc667258e95a2652387eebbcf8914ea0a
144,0x4c89779fc667258e95a2652387eebbcf8914ea0a
145,0x9692c82064780fc357bc7eba83b681a2d73c91b8
146,0x4c89779fc667258e95a2652387eebbcf8914ea0a
147,0x9692c82064780fc357bc7eba83b681a2d73c91b8
148,0x9692c82064780fc357bc7eba83b681a2d73c91b8
149,0x9692c82064780fc357bc7eba83b681a2d73c91b8
150,0x9692c82064780fc357bc7eba83b681a2d73c91b8
151,0x9692c82064780fc357bc7eba83b681a2d73c91b8
152,0xecb88dc3f8970f6b57f5d95bc5d9d68b69131378
153,0xecb88dc3f8970f6b57f5d95bc5d9d68b69131378
154,0xecb88dc3f8970f6b57f5d95bc5d9d68b69131378
155,0xecb88dc3f8970f6b57f5d95bc5d9d68b69131378
156,0xecb88dc3f8970f6b57f5d95bc5d9d68b69131378
157,0xecb88dc3f8970f6b57f5d95bc5d9d68b69131378
158,0xecb88dc3f8970f6b57f5d95bc5d9d68b69131378
159,0xecb88dc3f8970f6b57f5d95bc5d9d68b69131378
160,0xecb88dc3f8970f6b57f5d95bc5d9d68b69131378
161,0xecb88dc3f8970f6b57f5d95bc5d9d68b69131378
162,0xecb88dc3f8970f6b57f5d95bc5d9d68b69131378
163,0xecb88dc3f8970f6b57f5d95bc5d9d68b69131378
164,0xecb88dc3f8970f6b57f5d95bc5d9d68b69131378
165,0xecb88dc3f8970f6b57f5d95bc5d9d68b69131378
166,0xecb88dc3f8970f6b57f5d95bc5d9d68b69131378
167,0xecb88dc3f8970f6b57f5d95bc5d9d68b69131378
168,0xecb88dc3f8970f6b57f5d95bc5d9d68b69131378
169,0xecb88dc3f8970f6b57f5d95bc5d9d68b69131378
170,0xecb88dc3f8970f6b57f5d95bc5d9d68b69131378
171,0xecb88dc3f8970f6b57f5d95bc5d9d68b69131378
172,0xecb88dc3f8970f6b57f5d95bc5d9d68b69131378
173,0xecb88dc3f8970f6b57f5d95bc5d9d68b69131378
174,0xecb88dc3f8970f6b57f5d95bc5d9d68b69131378
175,0xecb88dc3f8970f6b57f5d95bc5d9d68b69131378
176,0xecb88dc3f8970f6b57f5d95bc5d9d68b69131378
177,0xecb88dc3f8970f6b57f5d95bc5d9d68b69131378
178,0xecb88dc3f8970f6b57f5d95bc5d9d68b69131378
179,0xecb88dc3f8970f6b57f5d95bc5d9d68b69131378
180,0x4c89779fc667258e95a2652387eebbcf8914ea0a
181,0xecb88dc3f8970f6b57f5d95bc5d9d68b69131378
182,0x8fdb69782bfb075a15626e7c5e1300369663771d
183,0x4c89779fc667258e95a2652387eebbcf8914ea0a
184,0x4c89779fc667258e95a2652387eebbcf8914ea0a
185,0x4c89779fc667258e95a2652387eebbcf8914ea0a
186,0x4c89779fc667258e95a2652387eebbcf8914ea0a
187,0x4c89779fc667258e95a2652387eebbcf8914ea0a
188,0x4c89779fc667258e95a2652387eebbcf8914ea0a
189,0x8fdb69782bfb075a15626e7c5e1300369663771d
190,0x8fdb69782bfb075a15626e7c5e1300369663771d
191,0x4c89779fc667258e95a2652387eebbcf8914ea0a
192,0x81c5aa0a16df3e1f40722825a09a0e7b779dce6b
193,0xecb88dc3f8970f6b57f5d95bc5d9d68b69131378
194,0xfac5757c0c5c8c7f66652080942499ce26583ad8
195,0x4c89779fc667258e95a2652387eebbcf8914ea0a
196,0x4c89779fc667258e95a2652387eebbcf8914ea0a
197,0x4c89779fc667258e95a2652387eebbcf8914ea0a
198,0x4c89779fc667258e95a2652387eebbcf8914ea0a
199,0x4c89779fc667258e95a2652387eebbcf8914ea0a
200,0xecb88dc3f8970f6b57f5d95bc5d9d68b69131378
201,0x4c89779fc667258e95a2652387eebbcf8914ea0a
202,0x4c89779fc667258e95a2652387eebbcf8914ea0a
203,0x4c89779fc667258e95a2652387eebbcf8914ea0a
204,0x4c89779fc667258e95a2652387eebbcf8914ea0a
205,0x4c89779fc667258e95a2652387eebbcf8914ea0a
206,0xecb88dc3f8970f6b57f5d95bc5d9d68b69131378
207,0x4c89779fc667258e95a2652387eebbcf8914ea0a
208,0xecb88dc3f8970f6b57f5d95bc5d9d68b69131378
209,0xecb88dc3f8970f6b57f5d95bc5d9d68b69131378
210,0xecb88dc3f8970f6b57f5d95bc5d9d68b69131378
211,0xecb88dc3f8970f6b57f5d95bc5d9d68b69131378
212,0xecb88dc3f8970f6b57f5d95bc5d9d68b69131378
213,0x81c5aa0a16df3e1f40722825a09a0e7b779dce6b
214,0x8fdb69782bfb075a15626e7c5e1300369663771d
215,0xecb88dc3f8970f6b57f5d95bc5d9d68b69131378
216,0x8fdb69782bfb075a15626e7c5e1300369663771d
217,0x4c89779fc667258e95a2652387eebbcf8914ea0a
218,0x4c89779fc667258e95a2652387eebbcf8914ea0a
219,0x4c89779fc667258e95a2652387eebbcf8914ea0a
220,0x4c89779fc667258e95a2652387eebbcf8914ea0a
221,0x4c89779fc667258e95a2652387eebbcf8914ea0a
222,0x4c89779fc667258e95a2652387eebbcf8914ea0a
223,0x4c89779fc667258e95a2652387eebbcf8914ea0a
224,0x4c89779fc667258e95a2652387eebbcf8914ea0a
225,0x4c89779fc667258e95a2652387eebbcf8914ea0a
226,0x4c89779fc667258e95a2652387eebbcf8914ea0a
227,0x4c89779fc667258e95a2652387eebbcf8914ea0a
228,0x4c89779fc667258e95a2652387eebbcf8914ea0a
229,0x8fdb69782bfb075a15626e7c5e1300369663771d
230,0x3d67cdea40d140e686be8810feb6d441b0eb82db
231,0x81c5aa0a16df3e1f40722825a09a0e7b779dce6b
232,0x4c89779fc667258e95a2652387eebbcf8914ea0a
233,0x4c89779fc667258e95a2652387eebbcf8914ea0a
234,0xaa2db3934791a35390623f3c66e1e76c1c5592ea
235,0xfac5757c0c5c8c7f66652080942499ce26583ad8
236,0x070e5a871ae64c7aa10973ee0573d4cb92f12f18
237,0x070e5a871ae64c7aa10973ee0573d4cb92f12f18
238,0x070e5a871ae64c7aa10973ee0573d4cb92f12f18
239,0xfac5757c0c5c8c7f66652080942499ce26583ad8
240,0x070e5a871ae64c7aa10973ee0573d4cb92f12f18
241,0x070e5a871ae64c7aa10973ee0573d4cb92f12f18
242,0x4c89779fc667258e95a2652387eebbcf8914ea0a
243,0x4c89779fc667258e95a2652387eebbcf8914ea0a
244,0x81c5aa0a16df3e1f40722825a09a0e7b779dce6b
245,0x4c89779fc667258e95a2652387eebbcf8914ea0a
246,0xfac5757c0c5c8c7f66652080942499ce26583ad8
247,0x070e5a871ae64c7aa10973ee0573d4cb92f12f18
248,0x070e5a871ae64c7aa10973ee0573d4cb92f12f18
249,0xfac5757c0c5c8c7f66652080942499ce26583ad8
250,0xfac5757c0c5c8c7f66652080942499ce26583ad8
251,0xfac5757c0c5c8c7f66652080942499ce26583ad8
252,0x81c5aa0a16df3e1f40722825a09a0e7b779dce6b
253,0x8fdb69782bfb075a15626e7c5e1300369663771d
254,0xfac5757c0c5c8c7f66652080942499ce26583ad8
255,0x4c89779fc667258e95a2652387eebbcf8914ea0a
256,0xccf936a4c0351d0ce91ec50f6b53f5bee0288593
257,0xccf936a4c0351d0ce91ec50f6b53f5bee0288593
258,0xccf936a4c0351d0ce91ec50f6b53f5bee0288593
259,0x070e5a871ae64c7aa10973ee0573d4cb92f12f18
260,0x8fdb69782bfb075a15626e7c5e1300369663771d
261,0xa3188c29b3fcf9a46b0ac4af19f564b14fdc1565
262,0xa3188c29b3fcf9a46b0ac4af19f564b14fdc1565
263,0xa3188c29b3fcf9a46b0ac4af19f564b14fdc1565
264,0x4c89779fc667258e95a2652387eebbcf8914ea0a
265,0xa3188c29b3fcf9a46b0ac4af19f564b14fdc1565
266,0x8fdb69782bfb075a15626e7c5e1300369663771d
267,0x8fdb69782bfb075a15626e7c5e1300369663771d
268,0xecb88dc3f8970f6b57f5d95bc5d9d68b69131378
269,0x070e5a871ae64c7aa10973ee0573d4cb92f12f18
270,0x7634dc2c0d3a48b00ee67789db40d9a365ff564c
271,0x7634dc2c0d3a48b00ee67789db40d9a365ff564c
272,0x7634dc2c0d3a48b00ee67789db40d9a365ff564c
273,0xfac5757c0c5c8c7f66652080942499ce26583ad8
274,0x0f4a1a025fd94fb667592cd3da0d5629c4962904
275,0x0f4a1a025fd94fb667592cd3da0d5629c4962904
276,0xecb88dc3f8970f6b57f5d95bc5d9d68b69131378
277,0x0f4a1a025fd94fb667592cd3da0d5629c4962904
278,0xecb88dc3f8970f6b57f5d95bc5d9d68b69131378
279,0xecb88dc3f8970f6b57f5d95bc5d9d68b69131378
280,0xecb88dc3f8970f6b57f5d95bc5d9d68b69131378
281,0xecb88dc3f8970f6b57f5d95bc5d9d68b69131378
282,0xecb88dc3f8970f6b57f5d95bc5d9d68b69131378
283,0xecb88dc3f8970f6b57f5d95bc5d9d68b69131378
284,0xecb88dc3f8970f6b57f5d95bc5d9d68b69131378
285,0x070e5a871ae64c7aa10973ee0573d4cb92f12f18
286,0x070e5a871ae64c7aa10973ee0573d4cb92f12f18
287,0x9058bf373411902490366e384e65dc7e511cc50e
288,0x6ceadd736ca5d9a3cd6d2a7fc30da5500fe722d9
289,0xb71a230e42c37d63f2c093ac892845cd69baa9e4
290,0x4286ed6a8f6e902d1ec58d2a1dd1cdf476c71c7c
291,0x81c5aa0a16df3e1f40722825a09a0e7b779dce6b
292,0x81c5aa0a16df3e1f40722825a09a0e7b779dce6b
293,0x5a4e4660a3ce0c37099ac9943736d084f08f41d9
294,0x5a4e4660a3ce0c37099ac9943736d084f08f41d9
295,0xb734e5b263eb155d0072dc691f9535f34230bb7c
296,0x41cbb0a6cf2199bbba26047abb926b60237b8aed
297,0xecb88dc3f8970f6b57f5d95bc5d9d68b69131378
298,0x2592b8f4fc4c06f3e21a3d7e624caa6370ccef76
