0,0x3a99915216f1303eebf9bd88de535fcbf7e48133
1,0x3a99915216f1303eebf9bd88de535fcbf7e48133
2,0x3a99915216f1303eebf9bd88de535fcbf7e48133
3,0x3a99915216f1303eebf9bd88de535fcbf7e48133
4,0x3a99915216f1303eebf9bd88de535fcbf7e48133
5,0x3a99915216f1303eebf9bd88de535fcbf7e48133
6,0x3a99915216f1303eebf9bd88de535fcbf7e48133
7,0x3a99915216f1303eebf9bd88de535fcbf7e48133
8,0xa0381f4b2543c5281bfc05317f437cddd76e5e64
9,0x3a99915216f1303eebf9bd88de535fcbf7e48133
10,0x3a99915216f1303eebf9bd88de535fcbf7e48133
11,0xa0381f4b2543c5281bfc05317f437cddd76e5e64
12,0xa0381f4b2543c5281bfc05317f437cddd76e5e64
13,0x0115337f51a17be7586210c8a4669058382c7805
14,0x3a99915216f1303eebf9bd88de535fcbf7e48133
15,0xa0381f4b2543c5281bfc05317f437cddd76e5e64
16,0xa0381f4b2543c5281bfc05317f437cddd76e5e64
17,0x3a99915216f1303eebf9bd88de535fcbf7e48133
18,0x3a99915216f1303eebf9bd88de535fcbf7e48133
19,0x3a99915216f1303eebf9bd88de535fcbf7e48133
20,0x3a99915216f1303eebf9bd88de535fcbf7e48133
